Name,Experiences,Skills,Educations,Disqualified,Total_Experience_Years
Candidate 1,Senior Ruby at  (Jan 2024 to N/A)  | Senior Ruby at  (Jan 2021 to N/A)  | Engineering Manager at Delivery Center (Jan 2020 to Dec 2022)  | Lead Engineer at  (Jan 2019 to Dec 2020)  | Senior Software Engineer at  (Jan 2018 to Dec 2019)  | Engineering Manager at  (Jan 2017 to Dec 2018)  | Software Engineer at Snowman Labs (Jan 2017 to Dec 2017)  | Software Engineer at Esfera Tecnologia da Informação (Jan 2016 to Dec 2017)  | Software Engineer at Soluções VendaMais (Jan 2016 to Dec 2018)  | Information Technology Teacher at Pontifícia Universidade Católica do Paraná (Jan 2014 to Dec 2018)  | Video Editor at FACULDADE SÃO BRAZ (Jan 2012 to Dec 2014),['none'],Graduate Degree Artificial Intelligence at Pontifical Catholic University of Paraná (Jan 2019 to Dec 2021)  |   at Apple Developers Academy (Jan 2013 to Dec 2014)  |  Digital Games and Development at Pontifical Catholic University of Paraná (Jan 2013 to Dec 2018),No,27.08
Candidate 2,Full Stack Engineer at Tradener (Aug 2023 to Jan 2024)  | Senior Software Engineer at ArcTouch - Mobile & Connected Experiences (Feb 2021 to May 2023)  | Senior Software Engineer at CWS (Feb 2020 to Feb 2021)  | Full Stack Developer at Mercafácil (May 2019 to Aug 2019)  | Full Stack Developer at CINQ Technologies (Dec 2018 to May 2019)  | Rails Engineer at KARZEN Technologies (Oct 2018 to Dec 2018)  | Software Developer at ∞ eits (Aug 2016 to Feb 2017)  | Software Development Intern at ITAI - Instituto de Tecnologia Aplicada e Inovação (Aug 2013 to Mar 2014),['none'],"Análise E Desenvolvimento De Sistemas, Tecnologia Da Informação at Federal University of Technology – Paraná (N/A to Jan 2015)",No,5.58
Candidate 3,Software Developer at Apptegy (Feb 2021 to Jan 2024)  | Software Developer at Thincode (Mar 2019 to Feb 2021),['none'],"at Nagaoka University of Technology (Jan 2019 to Jan 2019)  |  Ingeniería Informática, Gestión De Proyectos De Tecnología De La Información at Universidad Pública de Navarra (Jan 2017 to Jan 2018)  |  Computer Systems and Artificial Intelligence at Universidad de Guanajuato (Jan 2013 to Jan 2018)",No,4.83
Candidate 4,Senior Software Engineer at Hubstaff (Jul 2024 to N/A)  | Senior Software Engineer at Mercado Livre (Apr 2022 to Jul 2024)  | Senior Software Engineer at enjoei (May 2021 to Apr 2022)  | Senior Ruby and Rails Engineer at PagSeguro PagBank (Aug 2019 to May 2021)  | Software Engineer at Locaweb (Jul 2018 to Aug 2019)  | Software Engineer at Daitan Group (May 2017 to Jul 2018)  | Rails Developer at Gympass (Nov 2016 to May 2017)  | Ruby Developer at Caiena (Jun 2015 to May 2016),['none'],Cloud Computing at Pontifical Catholic University of Minas Gerais (Jan 2021 to Jan 2022)  | Bachelor of Technology Systems Development at São Paulo State Technological College (Jan 2013 to Jan 2015),No,9.0
Candidate 5,Backend Developer at Papa John's Chile (Nov 2020 to Jun 2021)  | Backend Developer at Mercat (Nov 2020 to N/A)  | Rails Developer at Human Search (Jun 2020 to Nov 2020)  | Rails Developer at 4Talent (Mar 2019 to May 2019)  | Rails Developer at FELITECH Consulting (Nov 2017 to Feb 2019),['none'],"Ingeniería, Ingeniería Informática at Metropolitan University of Technology (Jan 2011 to Jan 2017)",No,6.5
Candidate 6,Senior Developer at FollowUP Customer Experience (Aug 2019 to N/A)  | Senior Developer at PlagLabs (Jan 2019 to Jul 2019)  | Developer at WebCarga (Aug 2015 to Jan 2019),['none'],"Bachelor of Science Ingeniería Informática at University of Holguín (Jan 2009 to Jan 2014)  | Certificate (Advanced Level) Examination ,Sri Lanka Year 2007, Mathematica at Galahitiyawa Central College (Jan 1996 to Jan 2005)",No,9.25
Candidate 7,Business Development Representative at Smith.ai (May 2023 to N/A)  | Advisorist at  (Oct 2022 to Mar 2023)  | Inside Sales Executive at Dental Departures (Worldwide) (Sep 2021 to Mar 2022)  | Property Manager Assistant at TrustHome Properties (Oct 2020 to N/A)  | Customer Service Representative at TUI (Jul 2018 to Jan 2021)  | Marketing Executive at Paris Smith (Jan 2016 to Dec 2017)  | Personal Assistant at Orangetheory Fitness (Jan 2015 to Dec 2015),['administration'],Bachelor of Arts Sport and Social at University of Bath (N/A to Dec 2014),No,11.5
Candidate 8,Social Media Manager at Regional Subdustribution coordinato (Jan 2021 to Dec 2022)  | Community Manager Junior at Tiburonzzito (Jan 2019 to Dec 2019)  | Community Manager at SA Autocredit (Jan 2017 to Dec 2019)  | Sales Manager at Spaceland (Jan 2017 to Dec 2017)  | Business Development Executive at Infotech Global Solutions (N/A to N/A),['none'],None,No,6.67
Candidate 9,Senior Recruiter at Specialized Bicycle Components None (Apr 2022 to Jun 2024),['none'],Master of Arts Irish Studies at University of Liverpool (Sep 2008 to Dec 2009)  | Bachelor of Arts History at University of Central Florida (Aug 2004 to Aug 2008),Yes,2.17
Candidate 10,Devops Engineer at Upstart Network (Jun 2022 to May 2024)  | Senior Engineer at Blue Cross Blue Shield of Massachusetts (Nov 2019 to Mar 2022)  | Internal Application Developer at Tracelink (Aug 2017 to Nov 2019)  | Advanced Consultant at OpenText Technologies (Mar 2014 to Aug 2014)  | Associate at Cognizant Technologies Solutions (Dec 2009 to Feb 2014),['none'],"Master of Science Information Systems at Northeastern University (Jan 2015 to Dec 2017)  | Bachelor of Engineering Computer Science and Engineering at University College of Engineering, Osmania University (Jan 2005 to Dec 2009)",Yes,11.08
Candidate 11,Developer at CRIA INCUBATOR (Jul 2023 to N/A)  | Developer at SANTANDER UNIVERSIDADE (Aug 2021 to Jun 2023)  | Professional Activities at Areal (Jan 2002 to N/A)  | Technical Consultant at Hvtec (N/A to N/A),['none'],H-Vtec Technical Consultant at São Paulo State University (Jan 2020 to Aug 2022),Yes,26.17
Candidate 12,Software Engineer at Cantera Digital (Mar 2024 to N/A)  | Software Engineer at Arkusnexus (Jan 2023 to Mar 2023)  | Software Engineer at Homie (Jan 2021 to Dec 2021)  | Software Engineer at InstaFit (Jan 2019 to Feb 2019),"['software development', 'ruby', 'postgresql', 'ruby on rails', 'front-end development', 'react.js']",Systems Engineering at Tecnológico de Estudios Superiores de Ecatepec (Feb 2009 to Aug 2009),No,1.92
Candidate 13,Backend Engineer at TechNerds (N/A to N/A)  | Full Stack Engineer at GreenPearls (N/A to N/A),['none'],Bachelor Computer Science at Institute of Management Sciences (Peshawar) (N/A to N/A),Yes,0.0
Candidate 14,Senior Full and Stack Blockchain Developer at Google (Jan 2018 to N/A)  | Stack Developer at Innovative Tech Solutions (Jun 2013 to Dec 2017)  | Web Developer at Tech Pioneers (Aug 2011 to May 2013),['none'],Bachelor of Science Computer Science at University of Florida (Aug 2007 to May 2011),Yes,13.17
Candidate 15,Senior Full and Stack Blockchain Developer at Google (Jan 2018 to N/A)  | Stack Developer at Innovative Tech Solutions (Jun 2013 to Dec 2017)  | Web Developer at Tech Pioneers (Aug 2011 to May 2013),['none'],Bachelor of Science Computer Science at University of Florida (Aug 2007 to May 2011),Yes,13.17
Candidate 16,Devops Engineer at FABIUS LABS (Oct 2021 to N/A)  | Devops Engineer at  (Jun 2017 to Aug 2021)  | Backend Developer at TOPTAL (Aug 2014 to Mar 2017),['none'],Master'S  at Florida International University (Jan 2009 to Dec 2014),Yes,9.92
Candidate 17,Senior Software Engineer Development Iii at LOCALIZA (Jan 2020 to N/A)  | Content Professor at GOVERNO DO ESTADO DO PARANÁ (Jan 2020 to Dec 2021)  | Chief Information Officer at INOLIVRY (Jan 2018 to Dec 2020)  | Software Architect at INTEGRAPIS START-UP (Jan 2017 to Dec 2019)  | Information Technology Infrastructure Analyst at USINA ALTO ALEGRE (Jan 2015 to Dec 2021)  | Partner at JC TECNOLOGIA DA INFORMAÇÃO (Jan 2011 to Dec 2015),"['amazon web services (aws)', 'sql']",Master of Business Administration Project Management at Centro de Inovação Vincit (N/A to N/A)  | Bachelor'S Information Technology and Management at Universidade Paulista (UNIP (N/A to Dec 2012)  | Master of Business Administration Architecture at Unylya (N/A to Dec 2018)  | Bachelor'S Systems Analysis and Development at UniCesumar (N/A to Dec 2018)  | Postgraduate Software Engineering at Centro de Inovação Vincit (N/A to Dec 2019),No,24.5
Candidate 18,Software Market Specialist at Slashdot Media (Sep 2023 to N/A)  | Client Success Executive at Ecom Health Center (Apr 2023 to Jul 2023)  | People Operations Coordinator at Wexpand (Jan 2023 to Feb 2023)  | Team Lead at CIENCE (May 2022 to Dec 2022)  | Sdr at CIENCE (Jun 2021 to May 2022)  | Apprentice Consultant and Marketing at CUE ITESO (Aug 2020 to May 2021)  | Owner at Freelance (Jul 2018 to Jan 2020)  | Customer Service Representative at Teleperformance (Jan 2015 to Jun 2015),['none'],French and Foreign Language at Alliance Française (Sep 2021 to Nov 2021)  |  Advertising at Pontifical Bolivarian University (Jan 2020 to Jan 2020)  |  Advertising and Public Relations at University of the Basque Country (Jan 2017 to Jan 2018)  |  Advertising and Communications at Western Institute of Technology and Higher Education (Aug 2015 to May 2021),No,5.75
Candidate 19,Sales Development Representative at RealityCreator.com (Mar 2024 to N/A)  | Team Lead at MADE OMNI (Jan 2022 to Mar 2024)  | Outreach Specialist at MADE OMNI (Sep 2021 to Jan 2022)  | Tutor at Self-employed (Jan 2019 to Aug 2021)  | English Teacher at Centro Electronico de Idiomas (Nov 2018 to Dec 2019),['none'],"Bachelor of Engineering Be, Ingeniería Civil at Rafael Urdaneta University (Jan 2017 to Jan 2024)",No,6.92
Candidate 20,Business Development Manager at WEPayments (Apr 2024 to N/A)  | Global Sales Development Representative at FacilitaPay (Jan 2023 to Apr 2024)  | Sales Development Representative at FaçaAgora! (Mar 2021 to Jan 2023)  | Diretor De Projetos at Campe Consultoria Jr. (Jul 2020 to Dec 2020)  | Gerente De Negócios at Campe Consultoria Jr. (Feb 2020 to Jul 2020)  | Gerente De Projetos at Campe Consultoria Jr. (Jan 2020 to Jul 2020)  | Bolsista De Iniciação Científica at Universidade Federal de Juiz de Fora (Aug 2019 to Feb 2020)  | Consultor De Projetos at Campe Consultoria Jr. (Aug 2019 to Jan 2020),['none'],"Economia, Gestão at Federal University of Juiz de Fora (Jan 2018 to Jan 2022)",No,6.0
Candidate 21,Sales Executive at Rubeus (Jan 2023 to N/A)  | Sales Development Representative at Rubeus (Aug 2022 to Dec 2022)  | Copywriter at Softaliza (Sep 2021 to Dec 2021)  | Marketing Analyst at Rubeus (Jul 2021 to Jul 2022)  | Marketing Intern at Rubeus (Dec 2020 to Jul 2021)  | President at In Bio - Empresa Júnior de Biologia (Mar 2019 to Mar 2020)  | Marketing Director at In Bio - Empresa Júnior de Biologia (Mar 2018 to Mar 2019),['none'],Bachelor Advertising and Marketing at Federal University of Minas Gerais (Jul 2021 to Jul 2025)  | Bachelor Biology at Federal University of Viçosa (Feb 2018 to Dec 2020)  | Technical Degree Information Technology at E. E. Dr. Olavo Tostes (Sep 2015 to Aug 2017)  | Bachelor International Business at Istanbul Commerce University (N/A to Mar 2024),No,6.08
Candidate 22,International Marketing Assistant at Influu (Jan 2022 to Dec 2022)  | Sales Development Representative at Agmov Industrial Supplies (Jan 2022 to Dec 2023)  |  at Universidade Metodista de São Paulo (Jan 2016 to Dec 2018)  |  at Negócios Internacionais e Comércio Exterior (Jan 2013 to Dec 2015),['none'],None,No,8.67
Candidate 23,Ambassador at EVOLVE Commerce Club (Apr 2024 to N/A)  | Community Manager at Kobe Apps (Jan 2024 to N/A)  | Business Analyst at Kobe Apps (Jan 2023 to Jan 2024)  | Sales Development Representative at Kobe Apps (Oct 2021 to Dec 2022)  | Business Development Representative at Tenex (Oct 2020 to Oct 2021)  | Sales Coordinator at AIESEC (Feb 2019 to Feb 2020)  | Sales Manager at AIESEC (Sep 2018 to Jan 2019),['none'],Bachelor & Bachelor of Law Law at Laureate Education (Jan 2018 to Dec 2022),No,6.08
Candidate 24,Head of Business Development at Guru Labs Software & Blockchain Solutions (Feb 2024 to N/A)  | Sales Development Representative at Solvo Global (May 2023 to Feb 2024)  | Sales Supervisor at Chevrolet (Jul 2019 to May 2023),['none'],Bachelor of Engineering Computer Engineering at National University of Córdoba (Jan 2016 to Jan 2019)  | Bachelor'S Natural Sciences at Accademia dei Lincei (N/A to N/A)  | Bachelor'S Computer Programming at National University of Córdoba (N/A to Jan 2021),No,5.42
Candidate 25,Latam Export Sales Executive at Superlon Worldwide Sdn. (Aug 2023 to Apr 2024)  | Sales Development Representative at Calyx (Feb 2022 to Jul 2023)  | Sales Development Representative at PMf Strategy (Feb 2022 to Jul 2023)  | Marketing Specialist at Chen Way Machinery Co. (Jun 2021 to Feb 2022)  | Technical Translator at OKIOLABS (Apr 2021 to N/A),['none'],Master of Business Administration Technology Management at National Tsing Hua University (Jan 2019 to Jan 2021),No,7.83
Candidate 26,Advisory Board at Apollo.io (May 2023 to N/A)  | Sales Development Representative at FullStack Labs (Aug 2022 to N/A)  | Business Development Representative at Lean Solutions Group (May 2021 to Aug 2022)  | Business Development Representative at Linkage Logistics (May 2021 to Aug 2022),['none'],Engineer'S Degree Ingeniería Mecánica at University of Antioquia (N/A to Jan 2019),No,6.42
Candidate 27,Sales Development Representative at CIENCE (Mar 2023 to Aug 2024)  | Marketing Manager at NeuroClic (Feb 2023 to N/A)  | Sales Development Representative at NeuroClic (Feb 2023 to N/A)  | Sales Development Representative at LOS ANDES ABERTURAS (Aug 2022 to Feb 2023)  | Human Resources Manager at Unplugged.Import (Mar 2020 to Aug 2022)  | Sales and Marketing Specialist at Unplugged.Import (Mar 2020 to Aug 2022)  | Inventory Control Specialist at Unplugged.Import (Mar 2020 to Aug 2022)  | Graphic Designer at Unplugged.Import (Mar 2020 to Aug 2022)  | Sales Manager at Unplugged.Import (Mar 2020 to Aug 2022)  | Community Manager at Unplugged.Import (Mar 2020 to Aug 2022),['none'],at Kin Zulfan (EG Method) (Dec 2023 to Jun 2034)  |  Technical Analysis at 1-1 Massi (Multi Time Frame Trader) (Nov 2023 to Dec 2024)  |  Technical Analysis at 1-1 Giovanni (Addition to decision levels of orange) (Oct 2023 to Dec 2023)  |  Technical Analysis at 1-1 ZLANK - MALAYSIAN SnR (Sep 2023 to Nov 2023)  |  Technical Analysis at 1-1 Orange Soldier (Decision level trader) (Sep 2023 to Nov 2023),No,20.08
Candidate 28,Astor My Impact Windows at OOH Backoffice (Mar 2023 to Apr 2024)  | Ooh Manager at Elitgon (Aug 2014 to Mar 2016)  | Desarrollador Node.Js/Reactjs/Typescript at Ries (Jan 2012 to Jun 2014),"['software development', 'analytical skills', 'ruby on rails', 'amazon web services (aws)', 'docker products', 'application programming interfaces (api)']",None,Yes,5.08
Candidate 29,Senior Ruby at  (Jun 2023 to N/A)  | Senior Ruby and Rails Engineer at SIDEKICK FRANCHISE (May 2022 to Aug 2023)  | Remote at GoGet (Aug 2021 to Dec 2022)  | Backend Developer at Ruby on Rails Developer (Sep 2020 to Apr 2023)  | Rails Engineer at  (Sep 2017 to N/A),['ruby on rails'],None,Yes,13.92
Candidate 30,Assistant Community Manager at Kushner Companies (N/A to N/A)  | Portfolio Property Manager at Kushner Companies (N/A to N/A)  | Leasing Consultant at Morgan Properties (N/A to N/A),['none'],Bachelor of Arts Communications and Broadcast Journalism at Bloomfield College (N/A to Jul 2015),Yes,0.0
Candidate 31,Business Development Manager at Doble Via Latam (Jan 2015 to N/A)  | Sales Executive at Intag (Dec 2014 to Dec 2015)  | Customer Care Representative at Hewlett Packard (Mar 2013 to Mar 2015)  | Customer Care Representative at Amadeus (Apr 2012 to Mar 2013)  | Customer Counseling at International Customer Care (N/A to N/A),"['microsoft excel', 'english']",Bachelor Marketing and Business at University of Belgrano (Mar 2009 to Dec 2011),No,13.83
Candidate 32,Translator at UNC (N/A to N/A),['none'],None,No,0.0
Candidate 33,"Cloud Engineer at Amarello (Apr 2024 to N/A)  | Devops Enginner at hobops.io (Jan 2023 to Jun 2024)  | Devops Engineer and Developer at AT&T, México (Oct 2016 to Dec 2022)",['none'],"Ingeniería, Ingeniería Eléctrica, Electrónica Y De Comunicaciones at National Polytechnic Institute College of Engineering and Physical-Mathematic Sciences (Jan 2010 to Jan 2014)",No,8.25
Candidate 34,"Devops Engineer, Release Engineer and Automation Engineer at AstraZeneca (May 2021 to N/A)  | Devops Engineer and Release Engineer at AstraZeneca (Nov 2018 to Apr 2021)  | Software Developer at HCL Technologies (Mar 2018 to Nov 2018)  | Software Developer at Dextra Technologies (Aug 2017 to Feb 2018)  | Software Developer and Business Analyst at Amdocs (Apr 2016 to Aug 2017)  | Software Developer at Softtek (Jul 2015 to Mar 2016)  | Software Developer at Tata Consultancy Services (Nov 2013 to Jul 2015)",['none'],Bachelor of Science Computer Science at Universidad Tecnológica de Guadalajara ( UTEG ) (Jan 2010 to Jan 2014),No,10.83
Candidate 35,Lead Systems Engeenier at EPAM Systems (Feb 2024 to N/A)  | Devops Engineer at EPAM Systems (Jun 2022 to N/A)  | Devops Engineer at IBM (Nov 2021 to Jun 2022)  | Devops Engineer at Softtek (Oct 2019 to Nov 2021),['none'],"Computer Systems, Networking and Telecommunications at Universidad Politécnica del Estado de Durango (Jan 2016 to Jan 2020)",No,6.0
Candidate 36,Devops Engineer at DXC Technology (Jun 2022 to N/A)  | Devops Engineer at Dell Technologies (Apr 2019 to May 2022),['none'],High School Diploma  at Obuasi Senior High Technical School (N/A to May 2015),Yes,5.58
Candidate 37,Sales Development Representative at SOLVO GLOBAL (Jan 2023 to Feb 2024)  | Staff Augmentation at ITERUM BPO (Nov 2020 to Dec 2022)  | Cross Sales Agent at KM2 SOLUTIONS (Oct 2019 to Nov 2020),"['sales', 'market research', 'social media', 'lead generation', 'customer relationship management (crm)', 'business-to-business (b2b)', 'sales processes']",None,No,4.25
Candidate 38,Senior Cloud Architect at Repairify (Jun 2024 to N/A)  | Cloud Architect at Solera (Sep 2020 to Jan 2024)  | Technical Lead at Wipro (Apr 2018 to May 2020)  | Cloud Engineer at Softtek (May 2016 to Apr 2018)  | Database Engineer at Marlabs Software (Nov 2014 to May 2016),"['devops', 'amazon web services (aws)', 'docker products']",None,No,9.33
Candidate 39,Software Engineer at BRQ IT Solutions (Jan 2017 to Dec 2017)  | Senior Software Engineer at IBM (Jan 2017 to Dec 2020)  | Developer at Brave (Jan 2015 to Dec 2017)  | Staff Software Engineer at PicPay (N/A to N/A)  | Senior Software Engineer at Uber (N/A to N/A),"['ios', 'objective-c', 'swift (programming language)', 'sql']",Bachelor of Computer Science Computer Science at Federal University of Pelotas (N/A to N/A)  | Master Computer Science at Mackenzie Presbyterian University (N/A to N/A),Yes,7.75
Candidate 40,Cloud Engineer at McKinsey (Nov 2022 to N/A)  | Cloud Engineer at  (May 2020 to Oct 2022),['none'],Bachelor'S Law and Political Sciences at University of Dschang (N/A to N/A),Yes,4.5
Candidate 41,Software Engineer at Pagerduty (Sep 2023 to May 2024)  | Software Engineer at Potloc (Jan 2023 to Jul 2023)  | Software Engineer at AgendaPro (Jul 2021 to Dec 2022)  | Software Engineer at Optimal Workshop (Mar 2020 to Jun 2021)  | Software Engineer at Globant (Jun 2019 to Mar 2020)  | Software Engineer at AgendaPro (Oct 2018 to May 2019)  | Software Engineer at Buda.com (Oct 2017 to Sep 2018)  | Software Engineer at Groupon (Dec 2014 to May 2017)  | Software Engineer at Groupon (Sep 2012 to Dec 2012)  | Software Developer at Sumavisos (May 2012 to Sep 2012)  | Software Developer at Aycron (Sep 2011 to May 2012)  | Software Developer at Maypun (Jun 2011 to Sep 2011)  | Software Developer at Onuva (Jan 2011 to Mar 2011)  | Software Developer at SAIME (May 2010 to Dec 2010)  | Software Developer at Infoguía (Feb 2010 to Apr 2010)  | Information Technology Consultant at Essplan (Sep 2008 to Feb 2010),"['git', 'ruby', 'postgresql', 'ruby on rails', 'amazon web services (aws)', 'react.js']",None,Yes,12.33
Candidate 42,Aws Cloud Engineer at Verizon Wireless Systems (Aug 2020 to N/A)  | Aws Cloud Engineer at Hartford Financial Service Group (Mar 2018 to Jul 2020),['none'],Bachelor Computer Science at University of Buea (N/A to N/A),Yes,6.67
Candidate 43,Full Stack Developer at BlackBaud (Apr 2020 to N/A)  | Senior Software Engineer at  (Jun 2017 to Mar 2020)  | Associate Software Engineer at Alteryx (Aug 2014 to May 2017)  | Junior Full Stack Developer at OneTrust (Jan 2012 to Jul 2014)  | Software Developer Intern at Epic (Jun 2010 to Dec 2011),['none'],Master'S Computer Science at Stetson University (Jan 2013 to Dec 2015)  | Bachelor of Computer Science  at University of Central Florida (Jan 2007 to Dec 2011),Yes,14.17
Candidate 44,None,"['microsoft excel', 'english', 'communication']",Bachelor'S Management and Simulation at Business. El Bosque University (N/A to Dec 2020),Yes,0.0
Candidate 45,Full Stack Developer at YELP (Jan 2015 to Jun 2018)  | Software Engineer at CARTA (Jan 2006 to Dec 2010),['none'],Bachelor'S Software Engineering at Cleveland State University (N/A to N/A),Yes,8.33
Candidate 46,Lead Generator at Vesti Technology (Sep 2023 to N/A)  | Lead Generator at Hotbox Technology (Jan 2023 to Jan 2024)  | Sales Associate at Shtudy (Sep 2019 to Jan 2023)  | Marketing at Starrycare UK (Jan 2017 to Jun 2019),['none'],Bachelor of Arts English Language at Obafemi Awolowo University (Dec 2012 to Dec 2016),Yes,8.0
Candidate 47,Quality Assurance Engineer at Moduscreate (Jan 2019 to N/A)  | Automation Engineer at Securelink (Jan 2016 to Jan 2019)  | Quality Assurance Software Engineer at Ex2 Outcoding (Jan 2015 to Dec 2015)  | Quality Assurance Tech Analyst at Accenture (Jan 2012 to Jan 2014)  | Information Technology Consultant at Lanshire (Jan 2011 to Jan 2012)  | Software Developer at Netsoft (Jan 2011 to Jun 2011)  | System Engineer at Office of International Technical Cooperation (Jan 2010 to Jan 2011),"['software development', 'quality assurance', 'rest apis', 'object-oriented programming (oop)', 'qa automation']",Computer Engineering at Distance State University (Jan 2013 to Dec 2015)  | Bachelor Information Systems Engineering at National University of Costa Rica (Jan 2007 to Dec 2011),Yes,14.25
Candidate 48,Associate System Engineer at IBM India (Jan 2015 to Dec 2019),['none'],"Bachelor Electronics, Communication and Engineering at University of Calicut (Jan 2010 to Dec 2014)  | Aisse  at CBSE India (N/A to Dec 2008)  |   at AISSCE (Class XII (N/A to Dec 2010)",Yes,4.92
Candidate 49,Associate at Wiley Global Technology (Jun 2022 to N/A)  | Senior Quality Assurance Engineer at Intrepid Group (Sep 2020 to Jun 2022)  | Senior Quality Assurance Engineer at  (Mar 2013 to Apr 2020)  | Quality Assurance Engineer at Allion Technologies (Pvt) (Sep 2011 to Mar 2013)  | Associate Software Quality Assurance Engineer at Virtusa (Pvt) (Jul 2010 to Aug 2011),"['quality assurance', 'agile methodologies', 'product quality']",Bachelor of Science Information Technology at University of Moratuwa (Jan 2005 to Dec 2009)  | Certificate Quality Assurance at ISTQB (N/A to N/A),Yes,11.33
Candidate 50,General Operations Consultant at Inter-American Development Bank (Jul 2022 to Jul 2023)  | Quality Assurance at Routing (Sep 2021 to Jun 2022)  | Quality Assurance Automation Engineer at The Optimal Partner (N/A to N/A),['none'],Bachelor of Engineering Informatics at Universidad Mayor (N/A to N/A)  | Certificate Development at Laboratoria (N/A to N/A),Yes,1.75
Candidate 51,Sales Development Representative at TRINITYLOGISTICS (Jan 2021 to N/A)  | Business Development Representative at ALLIED LOGISTICS PARTNERS (Jan 2018 to Dec 2021),['none'],None,No,7.83
Candidate 52,None,['none'],Bachelor of Science Computer Science at University of Buea (N/A to N/A),Yes,0.0
Candidate 53,Quality Assurance Engineer at Coder house (Jan 2020 to Dec 2021)  | Analista Qa Sr at CPA ASSURE (Jan 2019 to Dec 2019)  | Analista Qa at JR (Jan 2018 to Dec 2019)  | Product at Coder House (N/A to N/A),"['quality assurance', 'javascript', 'microsoft azure', 'qa automation', 'react.js']",Education Digital Business and Administration at Dropped - Argentinean Business School (Jan 2023 to Dec 2023),Yes,4.75
Candidate 54,Quality Assurance Engineer at HCHK Technologies (Nov 2021 to N/A)  | Quality Assurance Analyst at Markit (Feb 2015 to Nov 2021)  | Software Test Engineer at CareFirst (Jun 2014 to Jan 2015)  | Software Test Engineer at JP Morgan Chase (Jan 2014 to May 2014),['none'],Bachelor of Science Computer Science at Mount Royal University (N/A to Nov 2013),Yes,10.75
Candidate 55,Senior Software Engineer at março de (Jan 2024 to N/A)  | Software Engineer at Ateliê de Software (N/A to N/A)  | Ruby on Rails Developer at Poços de Caldas (N/A to N/A)  | Assistente Técnico Em Redes at Botelhos (N/A to N/A)  | Software Engineer at Delivery Center (N/A to N/A)  | Desenvolvedor Web Júnior at Poços de Caldas (N/A to N/A)  | Desenvolvedor Full Stack at Poços de Caldas Area (N/A to N/A)  | Software Engineer at Sofi (N/A to N/A)  | Customer Support Analyst at Poços de Caldas (N/A to N/A),['none'],Bacharelado  at Pontifical Catholic University of Minas Gerais (Jan 2015 to Dec 2019),Yes,0.92
Candidate 56,Software Engineer at Red Hat (Mar 2021 to N/A)  | Software Engineer at HP (Jan 2020 to Mar 2021)  | Embedded Software Engineer at Luminator Technology Group (Dec 2018 to Dec 2019)  | Accounting Assistant at Escritório Confidenza (Apr 2013 to Nov 2018)  | Computer Maintenance at EBI Informática (Feb 2011 to Mar 2013),['none'],"Computer Science at Universidade do Vale do Rio dos Sinos (Jan 2020 to Jan 2023)  |  E-Business and Revolution at California State University, Northridge (Jan 2018 to Jan 2018)  |  Ciencia Da Computação, Ciência Da Computação at University of Caxias do Sul (Jan 2017 to Jan 2019)",Yes,13.58
Candidate 57,Líder Técnico at Bio Ritmo Academia (Oct 2018 to N/A)  | Proprietário at Vixbiz (N/A to N/A)  | Professor at Escola Contec (N/A to N/A)  | Analista De Sistemas at Netsimples (N/A to N/A),['none'],Bacharel Sistemas De Informação at Universidade de Vila Velha - UVV (Jan 2005 to Dec 2008)  | Iftl  at São Paulo State Technological College (N/A to N/A),Yes,6.17
Candidate 58,Quality Assurance Analyst Remote at Take2 It Consulting (Aug 2023 to N/A)  | Program Analyst Remote at CSSI (Jun 2023 to Jul 2023)  | Quality Assurance Analyst Remote at Take2 It Consulting (Oct 2021 to Jun 2023)  | Application Support Specialist Remote at Fannie Mae (Jul 2020 to Dec 2020),['none'],Bachelor'S Science and Computer Science at Virginia Commonwealth University (N/A to May 2019),Yes,3.5
Candidate 59,Tutors at Diploma in Management of Sports Entities (Jan 2023 to Jan 2024)  | Operations Coordinator at Pereira (Nov 2021 to Apr 2024),"['microsoft excel', 'communication', 'oral communication', 'interpersonal skills', 'business-to-business (b2b)', 'sales processes']",None,Yes,3.42
Candidate 60,Junior Sqa Engineer at Workpay (Jan 2023 to N/A)  | Mckinsey Forward Program at McKinsey Academy (N/A to N/A)  | Certified Public Accountant at Kenya Accountants and Secretaries National (N/A to N/A)  | Software Quality Assurance Intern at Workpay (N/A to N/A)  | Software Quality Assurance Intern at Portnov Computer School (N/A to N/A),['none'],Bachelor Accounting at Catholic University of Eastern Africa (N/A to Dec 2013),Yes,1.92
Candidate 61,Quality Assurance Analyst at  (Nov 2023 to N/A)  | Quality Assurance Automation Engineer at Acrelec (May 2022 to Oct 2023)  | Quality Assurance Engineer at Avaya (Aug 2021 to Mar 2022)  | Quality Assurance Analyst at Vetta SMS Group (Nov 2020 to Aug 2021)  | Quality Assurance Analyst at TOTVS (Mar 2020 to Nov 2020)  | Test Automation Engineer at Unisys (Apr 2019 to Feb 2020)  | Test Engineer at Ericsson (Jan 2018 to Feb 2019)  | Tester at Appen (Jul 2017 to Jan 2018)  | Tester at Lionbridge (Feb 2015 to Jun 2017)  | Test Analyst at Squadra Tecnologia (Sep 2012 to Jan 2015)  | Test Analyst at IBM (Jan 2008 to Aug 2012)  | Trainee Php Developer at 2XT Tecnologia (May 2007 to Dec 2007),['none'],Software Engineering at University Center of Belo Horizonte (N/A to N/A)  | Master of Business Administration International Business Administration at University Center of Belo Horizonte (N/A to N/A),Yes,16.75
Candidate 62,Luxury Cosmetics Brand at KamaAyurveda (Feb 2021 to Jun 2023),['none'],Bachelor of Science Computer Application at Aligarh Muslim University (N/A to Dec 2013),Yes,2.33
Candidate 63,Marketing Coordinator at Maria Soto Mortgage. Real Estate (Mar 2024 to N/A)  | Marketing Analyst at SEOS Energy. Residential Solar Energy Fintech (Oct 2022 to N/A)  | Sales Representative at Sunrun (Sep 2019 to Jun 2022),"['sales', 'communication', 'customer relationship management (crm)']",Bachelor'S Environmental Sciences at Polytechnic University of Valencia (N/A to Dec 2019)  | Bachelor'S Environmental Engineering at Sergio Arboleda University (N/A to Dec 2022),Yes,5.67
Candidate 64,Operador De Servicio at PEDIDOS YA (May 2024 to Jun 2024)  | Analista Qa at QANOVA (Jul 2022 to Feb 2024)  | Especialista De Productos Ti at FEBRE 2021 BANCO ESTADO (Jan 2020 to N/A)  | Especialista De Productos Ti at BANCO ITAU (Jan 2018 to Dec 2019)  | Venezuela Especialista De Qa at BANCO BANESCO (Jan 2017 to Dec 2018)  | Analista Funcional at UNISEGUROS (Jan 2015 to Jul 2016)  | Venezuela Analista Calidad at VIVIR SEGUROS (Jan 2011 to May 2015)  | Venezuela Consultor at BANCARIBE (Jan 2011 to Sep 2011)  | Venezuela Consultor De Procesos at SEGUROS CONSTITUCION (Jan 2009 to May 2011)  | Venezuela Consultor De Procesos at SEGUROS LA PREVISORA (Jan 2006 to Jun 2009)  | Mensajero Externo at GRUPO ZOOM (Jan 2005 to Dec 2006)  | Venezuela Operador De Call Center at ATENTO (Jan 2005 to Dec 2006),"['quality assurance', 'organization skills']","Licenciado Administración at Experimental Simón Rodríguez ""UNESR (N/A to N/A)",Yes,26.5
Candidate 65,Weelo at BEE AGENCY JSC (Apr 2020 to May 2020)  | Software Engineer at TITLE (N/A to N/A),['none'],None,Yes,0.08
Candidate 66,Senior Software Engineer at Qapitol QA (Mar 2020 to N/A)  | Office Ride at Ford Motor (Mar 2020 to Nov 2020),['none'],Bachelor of Engineering Electronics Engineering at Kalyani Government Engineering College (Mar 2006 to Apr 2010),Yes,5.42
Candidate 67,Senior Consultant at PROTIVITI (Feb 2024 to N/A)  | Test Engineer at PROTIVITI- EMKAN Finance (Sep 2021 to Jan 2022)  | Senior Software Engineer at PANDOCORP - HACH CHEMICALS (Apr 2021 to Aug 2021)  | Senior Software Engineer at PANDOCORP - Pando Application (Aug 2020 to Mar 2021)  | Associate Analyst at WIPRO- Your Benefit Resource (Oct 2018 to Jul 2020),['none'],None,Yes,3.83
Candidate 68,Senior Ux and Ui Designer at Slide UX (Dec 2023 to N/A)  | Senior Ux and Product Designer at Nerdery (Apr 2019 to Nov 2021),['none'],Bachelor of Fine Arts Communication Design at Texas State University (Jun 2010 to Dec 2014),Yes,3.58
Candidate 69,None,['none'],None,Yes,0.0
Candidate 70,Ejecutiva Comercial at Scotiabank Colpatria (Jan 2018 to Dec 2020),"['microsoft excel', 'sales', 'communication', 'customer relationship management (crm)']",None,Yes,2.92
Candidate 71,Vice-Presidente at Fundación F.I.J.A.T.E (Jan 2015 to Dec 2017)  | Partner Development Specialist at ESCALA Saas (N/A to N/A)  | Consejero Vocacional at Pre Univeristario Social UCN (N/A to N/A),"['microsoft excel', 'financial services', 'social media', 'customer relationship management (crm)', 'lead qualification', 'business-to-business (b2b)']",Curso Social at Andrés Bello National University (Jan 2020 to Dec 2022)  | Uvm Growth Specialist at ESCALA Saas (Jan 2015 to Dec 2017)  |  Social at AIEP Modalidad Online (N/A to N/A)  | Diploma Gestión De Talento Humano at Polytechnic University of Catalonia (N/A to Dec 2022),Yes,2.92
Candidate 72,Quality Assurance Analyst at Bank of America (Mar 2023 to Oct 2023)  | Quality Assurance Analyst at SEI Investments (Jun 2021 to Dec 2022)  | Quality Assurance Analyst at Bloomberg (Jan 2006 to Apr 2017)  | Quality Assurance Analyst at SEI Investments (Dec 2004 to Jan 2006)  | Quality Assurance Analyst at GMAC Insurance (Aug 2003 to Nov 2004)  | Quality Assurance Analyst at GTECH (Jan 2003 to Jul 2003)  | Quality Assurance Analyst at Lucent Technologies (Jul 2001 to Dec 2002)  | Financial Reporting Quality Assurance Analyst at  (Feb 2001 to Jun 2001)  | Quality Assurance Analyst at Mergers and Acquisitions (Jan 1999 to Aug 1999)  | Quality Assurance Analyst at Process and Systems Integration (Jul 1998 to Jul 1999)  | Quality Assurance Analyst at The Prudential Life Insurance (Feb 1996 to Jun 1998)  | Field Training Consultant at  (Feb 1995 to Jan 1996)  | Customer Service Manager at Dynepco (Dec 1992 to Jan 1995)  | Technical Sales Representative at Union Carbide (Jan 1990 to Nov 1992)  | Captive Sales Agent at The Metropolitan Life Insurance (Jan 1987 to Dec 1989),['none'],"at University, Morgantown (Jan 1984 to Dec 1985)  | Bachelor of Arts Political Science at Ohio State University (N/A to Dec 1983)  | Certificate Computer Programming at IBM Object Technology University (N/A to Dec 1995)  | Certificate Information Technology, Leadership and Development at The Chubb Institute (N/A to Dec 1997)  | Sap Lucent In at Mercury Interactive - Indus Consulting Group (N/A to Dec 1997)",Yes,30.58
Candidate 73,Ingeniero Qa at EVERTEC (Apr 2023 to N/A)  | Ingeniero Qa at EMPRESAS GASCO (Jul 2021 to Mar 2023)  | Ingeniero Qa at INNOVASOFT (Jun 2019 to Jul 2021),['none'],Ingeniería Informática Y at Tecnológica de Chile INACAP (Jan 2015 to Dec 2018),Yes,5.42
Candidate 74,Ucla- Universidad Centro Occidental at XEPELIN (Jul 2022 to Jun 2024)  | Software Engineer at Equifax by 23People (Oct 2018 to Feb 2019)  | Quality Assurance at ANDAIN (Mar 2018 to Sep 2018)  | Software Engineer at 23People (Jan 2018 to Feb 2022)  | Software Engineer at Arkiteck (Oct 2017 to Feb 2018)  | Analista De Sistemas at Ingeniería en informatica (Jan 2014 to Dec 2016),"['quality assurance', 'microsoft azure']",Istqb Modern Languages at Kanba Systems Desing (N/A to N/A),Yes,10.08
Candidate 75,Sales Manager at Proxy Medical (Oct 2002 to N/A)  | Financial Advisor at Alternativas de Inversión (Mar 2002 to Aug 2002)  | Financial Advisor at American Express Financial Advisors (Aug 2001 to Feb 2002),"['microsoft excel', 'sales', 'english', 'market research', 'sales processes']",High School Business Administration at University of Reading (May 1999 to Aug 1999)  |   at Gimnasio Campestre (N/A to Dec 1992)  |   at University of St. Thomas (Minnesota) (N/A to May 2000)  |  International Studies at University of St. Thomas (Minnesota) (N/A to May 2000)  | Master Business at University of St. Thomas (Minnesota) (N/A to May 2001),Yes,23.08
Candidate 76,None,"['problem solving', 'javascript', 'qa automation', 'react.js']",None,Yes,0.0
Candidate 77,Senior Software Engineer at JPMorgan Chase & Co. (Sep 2023 to N/A)  | Senior Software Engineer at will bank (Jul 2022 to Sep 2023)  | Senior Software Engineer at Zé Delivery (Sep 2021 to Jul 2022)  | Software Engineer at Objective (Oct 2020 to Sep 2021)  | Back End Engineer at Hilab (May 2020 to Oct 2020)  | Back End Engineer at OmniChat (Jun 2019 to May 2020)  | Full Stack Developer at SWA Sistemas (Jun 2018 to Jul 2019)  | Java Software Developer at CNPq (Dec 2016 to Jul 2019)  | Full Stack Developer at Digitaldoc (Sep 2016 to Dec 2017)  | Rails Developer at See Marketing e Design (Sep 2015 to Sep 2016)  | Software Developer at Parque Tecnológico Itaipu - Brasil (Sep 2014 to Sep 2015)  | C# Developer at Parque Tecnológico Itaipu - Brasil (Jan 2013 to Sep 2014),['none'],Bachelor Computer Science at Federal University of Technology – Paraná (Jan 2016 to Jan 2019),Yes,14.08
Candidate 78,Senior Back End Developer at ília (Mar 2024 to N/A)  | Development Lead at Shaw and Partners (Dec 2022 to Feb 2024)  | Developer at Shaw and Partners (Jul 2022 to Feb 2024)  | Developer at One Plus Group / Digital INT / Digital DEV (Feb 2021 to Aug 2022)  | Software Engineer Trainee at One Plus Group / Digital INT / Digital DEV (Sep 2020 to Feb 2021),['none'],Associate'S Degree System Analysis and Development at Pontifical Catholic University of Goiás (Jan 2021 to Dec 2024),Yes,5.42
Candidate 79,Desempleado at Dirplan (Aug 2017 to N/A),"['javascript', 'react.js']",Ingeniería Informática at INACAP (Jan 2017 to Jan 2018)  |  Analista Programador at inacap (Jan 2015 to Jan 2017)  |  Traducción E Interpretación at Temuco Catholic University (Jan 2006 to Jan 2010),Yes,7.33
Candidate 80,Test Specialist at Data Recognition (Apr 2024 to N/A)  | Software Quality Assurance Analyst at SmartLogic (Nov 2023 to Mar 2024)  | Sales Development Representative at Limble CMMS (Sep 2022 to Mar 2023)  | Management at Bozzuto Group / GMH Communities (Oct 2016 to Mar 2019),['none'],"Bachelor of Science Community Health at University of Maryland, College Park (N/A to N/A)",Yes,3.92
Candidate 81,Quality Analyst at THOUGHTWORKS (Jan 2022 to Dec 2023),['none'],Abogado at Diego Portales University (N/A to Dec 2016),Yes,1.92
Candidate 82,Tester at Global Business IT (N/A to N/A),['none'],None,Yes,0.0
Candidate 83,Digital Marketing Leader at Lean Solutions Group (Jan 2022 to Jul 2022),"['english', 'communication']",None,Yes,0.5
Candidate 84,Salesforce Quality Assurance Agile at Latam (Jan 2022 to May 2022)  | Salesforce Quality Assurance Agile - Client at Abbot (Feb 2021 to Apr 2022)  | Salesforce Quality Assurance Agile at BCI Bank (Feb 2021 to Mar 2022)  | Salesforce Quality Assurance Agile at GDM Arg (Jan 2021 to Feb 2022)  | Quality Assurance Analyst at Tata Consultancy Services (Jul 2020 to May 2021)  | Quality Assurance Analyst at Tata Consultancy Services (Jun 2019 to Jun 2020)  | Quality Assurance Analyst at Tata Consultancy Services (Oct 2018 to May 2019)  | Quality Assurance Analyst at Tata Consultancy Services (Feb 2018 to Oct 2018)  | Quality Assurance Analyst at Tata Consultancy Services (Sep 2017 to Jan 2018)  | Quality Assurance Analyst at Tata Consultancy Services (Jun 2016 to Sep 2017)  | Quality Assurance Analyst at Tata Consultancy Services (Feb 2013 to May 2015)  | Quality Assurance Analyst at Bice Bank (Mar 2012 to Nov 2013)  | Quality Assurance Analyst at Tuxpan ENGINEERING (Mar 2011 to Nov 2011)  | Quality Assurance Analyst at Xinergia Laboral (Jan 2011 to Feb 2011)  | Testing Analyst at IT PEOPLE- IBM-Banco BCI (Aug 2010 to Dec 2011)  | Salesforce Quality Assurance Agile at Sancor Salud (N/A to N/A),['none'],Computer Science at Andrés Bello National University (Mar 2007 to Mar 2011),Yes,14.33
Candidate 85,Senior Quality Assurance Engineer at Interactive Brokers (Aug 2016 to Aug 2021),['none'],Master of Business Administration International Business at University of Massachusetts Lowell (N/A to N/A)  | Bachelor Business and Economics at Bangor University (N/A to N/A),Yes,5.0
Candidate 86,Qc Analyst at Moveapps (Aug 2022 to N/A)  | Qc Analyst at Moveapps (UNO AFP-APP) (Aug 2022 to N/A)  | Qc Analyst at GLOBANT (Aug 2021 to Dec 2022)  | Qc Analyst at GLOBANT (Feb 2021 to Aug 2021)  | Tester at UNITY SOLUTIONS (Dec 2019 to Feb 2021)  | Qc Analyst at NULTA (Oct 2017 to Dec 2019),"['javascript', 'microsoft azure']",None,Yes,7.5
Candidate 87,Land Acquisition Manager at Constructora Ayala (Feb 2016 to Sep 2020),['none'],Certificate Management at University of Palermo (Buenos Aires) (N/A to N/A),No,4.58
Candidate 88,None,['none'],None,No,0.0
Candidate 89,Game Developer at Creamos (N/A to N/A)  | Team Lead at Grupo Chance S.A (N/A to N/A)  | Software Developer at Instituto Tecnológico de Enseñanza Superior (N/A to N/A),"['communication', 'c#', 'unity']",Qa Manager at National Technological University (N/A to N/A)  |  Desarrollo De Software at Instituto Tecnológico de Enseñanza Superior (N/A to N/A),Yes,0.0
Candidate 90,Business Development Representative at PALM Era Marketing (Oct 2023 to Jul 2024)  | Business Development Representative at Quadient (Oct 2023 to Jul 2024)  | Business Development Representative at BDR Outbound (Jun 2023 to Oct 2023)  | Sales Development Representative at Comunidad Feliz Servicios de TI (Feb 2020 to Jun 2023)  | Ejecutivo De Negocios at Mercantil Banco Universal (Nov 2018 to Feb 2020)  | Asesor Comercial at Distribuciones 7 Hermanos C.A (Feb 2016 to Nov 2018)  | Analista De Negocios - Analista De Credito at C.A (Feb 2016 to Nov 2018),"['sales', 'customer relationship management (crm)', 'business-to-business (b2b)']",None,Yes,11.92
Candidate 91,Administrative Assistant at Gaspy Home Health Care (Oct 2022 to Oct 2023)  | Business Development Representative at Abroad Solutions (Jun 2022 to Sep 2022)  | Analyst at Pandanus Consulting Group (Nov 2021 to Aug 2022)  | Coach at Sitel (Apr 2021 to Oct 2021)  | Quality Analyst at Sitel (Sep 2020 to Apr 2021),['none'],"Bogotá, D. C  at El Bosque University (Jan 2015 to Dec 2020)  | Bachelor'S  at Colegio Eucarístico Villa Guadalupe (N/A to Dec 2014)  | Bachelor Environmental Management at Polytechnic University of Catalonia (N/A to Dec 2015)  | Certificate Sales at HubSpot Academy (N/A to Oct 2019)",Yes,3.08
Candidate 92,Quality Assurance Analyst at Tata Consultancy Services Canada (Oct 2022 to Apr 2024)  | Test Automation Engineer at Dynaptual Consultancy (Sep 2021 to Oct 2022)  | Quality Assurance Analyst at Basegix Consulting (Jul 2018 to Aug 2020),['none'],Post-Graduation Web Design and Development at Conestoga College (N/A to N/A)  | Bachelor of Engineering Computer Engineering at Gujarat Technological University (N/A to N/A),Yes,4.67
Candidate 93,Test Case Creation at IBM (Jan 2023 to N/A),"['javascript', 'attention to detail', 'organization skills']",High School  at University of Buenos Aires (N/A to Dec 2018),Yes,1.92
Candidate 94,Quality Assurance Tester Analyst at Torei Consulting (Jul 2022 to Mar 2024)  | Qatester Analyst at PCMAIL C.A (Apr 2021 to Mar 2022)  | Industrial Engineer at Yacambú University (Jan 2018 to Dec 2021),['organization skills'],None,Yes,6.5
Candidate 95,Advanced Ai Data Trainer at Invisible Technologies (Sep 2023 to N/A)  | Agile Web Developer Program at  (Jan 2023 to Dec 2023)  | Freelance Quality Assurance Tester at Tester Work (Dec 2021 to Feb 2023)  | Freelance Software Tester at Utest (May 2021 to Aug 2023),['none'],Master of Science Agriculture at Cape Peninsula University of Technology (Jan 2023 to N/A)  | Bachelor Agriculture at University of Venda (Jan 2018 to Jun 2022),Yes,5.58
Candidate 96,Sales Development Specialist at Solvo (Sep 2023 to Apr 2024)  | Agent at Lean Solutions Group (Jul 2022 to Jan 2023)  | Senior Agent at SYKES (Feb 2020 to Jul 2022)  | Co-Owner at GGG&P Special Transport (Jun 2011 to Sep 2019),"['sales', 'english']",Elementary School International Affairs at U.E. Enrique María Dubuc (Jan 2013 to Dec 2015)  |   at Universidad Santa María (Caracas) (Jan 2011 to Dec 2011)  |   at Universidad Santa María (Caracas) (Jan 2009 to Dec 2011)  |   at San Antonio de Los (Jan 2008 to Dec 2008)  |   at San Antonio de Los (Jan 2005 to Dec 2009)  | High School  at U.E. Colegio Valle Alto (Jan 1999 to Dec 2004),Yes,11.75
Candidate 97,Developer at Vortigo (May 2021 to N/A)  | Specialist Apple and Developer at Venture Labs (Aug 2015 to May 2021)  | Developer at Expensemobi (Aug 2014 to Aug 2015)  | Desenvolvedor Full Stack at  (Mar 2010 to Aug 2014),['none'],None,Yes,14.75
Candidate 98,Lead Generation Manager at Pixoft l Kyiv (Nov 2023 to N/A)  | Customer Lead Generation Manager at Ivy Tech l Kharkiv (Jun 2023 to Nov 2023)  | Sales Manager at FH Solutions l Kharkiv (Jan 2022 to Jun 2023)  | Information Technology Sales Assistant at FEVERNOVA MOBILE l Kharkiv (Feb 2019 to Feb 2022)  | Researcher at SLOBODA STUDIO l Kharkiv (Feb 2018 to Nov 2018),"['english', 'lead generation']",Bachelor  at Kharkiv Polytechnic Institute (N/A to Dec 2016),Yes,6.67
Candidate 99,Senior Game Developer at GamesTree (Feb 2024 to N/A)  | Senior Game Developer at Gamivision (Jan 2023 to Jan 2024)  | Senior Unity Developer at NiBG (Apr 2022 to Jan 2023)  | Senior Unity Developer at Wangard International (Oct 2020 to Mar 2022)  | Associate Unity Developer at ai-logica (Sep 2019 to Oct 2020),"['android', 'mobile games', 'c#', 'ios', 'unity']",None,Yes,5.08
Candidate 100,Quality Assurance Automation Engineer at HealthVerity (Jul 2023 to Jul 2024)  | Quality Assurance Automation Engineer at ID.me (Mar 2021 to May 2023)  | Information Technology Operations Specialist at Fusion Connect (Jan 2020 to Dec 2020),['none'],Bachelor of Science Information Technology at George Mason University (N/A to Dec 2020),Yes,4.08
Candidate 101,Senior Software Test Engineer at GraphicWeave / Reldyn Tech Pvt (Mar 2023 to N/A)  | Quality Analyst at Srinagar Technology Consultants (Jan 2020 to Mar 2023),['javascript'],Cs Engineering at University of Kashmir (Mar 2017 to Mar 2021)  | Cs Engineering at University of Kashmir (Apr 2014 to Apr 2017)  | Master Computer Applications at srinagar jammu and kashmir (N/A to N/A),Yes,4.92
Candidate 102,Quality Assurance Specialist at CondoConta Bank (Feb 2020 to Apr 2024)  | Quality Assurance Consultant at Beetools (Dec 2018 to Feb 2023)  | Quality Assurance Consultant at Wellzesta (Jul 2018 to Sep 2021)  | Qa Lead at PSafe Brasil (Jun 2013 to Jun 2018)  | Game Tester at Quepasa (Jan 2012 to Jan 2013),['none'],Bachelor'S Psychology at University of Caxias do Sul (Jan 2018 to Jan 2023)  | Technology Degree Digital Games and Technology at Pontificia University of Paraná (Jan 2012 to Jan 2013),Yes,17.5
Candidate 103,Quality Assurance Engineer at Kreatesell (Mar 2024 to N/A)  | Quality Assurance Engineer at Zealight Innovation Labs (Dec 2022 to Mar 2024)  | Quality Assurance Engineer at SkillUp Africa (Oct 2020 to Dec 2022)  | Frontend Developer at Occupational Safety Consultants (Feb 2020 to Aug 2020),['none'],Bachelor of Science Environmental Biology at Adekunle Ajasin University (N/A to Dec 2018),Yes,4.67
Candidate 104,Software Quality Assurance Engineer at TalentNow (Jul 2023 to Oct 2023)  | Technical Support Agent at NRTC (Jan 2023 to N/A)  | Software Quality Assurance Engineer at Freelance (May 2022 to N/A),['none'],None,Yes,4.75
Candidate 105,Senior Recruiter at SOLVO GLOBAL (Jan 2022 to N/A)  | Sales Representative at CONTACTPOINT 360 (Aug 2021 to Jan 2022)  | Sales Rep at TELEPERFORMANCE - BDR (Aug 2019 to Aug 2021),"['microsoft excel', 'sales', 'market research', 'business-to-business (b2b)']",Civil Engineer at University of Carabobo (Jan 2009 to Dec 2014),Yes,5.33
Candidate 106,Software Quality Assurance Engineer at Mensa tech (Sep 2022 to N/A)  | Senior Sqa at No Borderz Innovation (Jun 2022 to Sep 2022)  | Senior at SQA Narsun Studios (Oct 2021 to Jun 2022)  | Senior at SQA Mindbotixs (Dec 2019 to Nov 2021)  | Quality Assurance Engineer at Highlogix PVT (Dec 2018 to Dec 2019),['none'],Bachelor Software Engineering at COMSATS Institute of Information Technology (N/A to Dec 2018),Yes,6.08
Candidate 107,Qamanager at Esensi Solusi (Mar 2023 to Apr 2024)  | Tester at Evren (Feb 2023 to Aug 2023)  | Qa Lead at Brick (Sep 2022 to Dec 2022)  | Qamanager at Alto Network (Jan 2022 to Sep 2022)  | Quality Assurance Engineer Manager at Alodokter (Oct 2019 to Dec 2021)  | Qa Lead at Alodokter (Dec 2018 to Sep 2019)  | Qa Lead at Gameloft Indonesia (May 2015 to Nov 2018)  | Tester at  (Apr 2012 to Nov 2015),['none'],Science at SMA Negeri 1 Yogyakarta (Jan 2001 to Dec 2004),Yes,12.5
Candidate 108,Business Development Representative at MASTERCRAFT (Apr 2024 to N/A)  | Demand Generation Representative at AMAZON WEB SERVICES (Sep 2022 to Apr 2024)  | Head of Growth at Colombian crypto (Nov 2021 to Jun 2022)  | Digital Content Manager at MÁS ALTO CAPITAL (May 2020 to Nov 2021)  | Indepedent Digital Consultant at MIND MEDIA. CLIENT: DROGUERÍA CRUZ VERDE (Feb 2020 to Jul 2021)  | Marketing and Coordinator at  (Oct 2015 to Feb 2020),"['sales', 'communication', 'social media', 'oral communication']","Marketing, Business and Development at IE Business School (N/A to N/A)  | Master Social Communication and Journalism at Pontifical Bolivarian University (N/A to Dec 2015)",No,10.08
Candidate 109,Senior Unity Developer at Firebyte Games (Apr 2022 to Oct 2023)  | Full Stack Unity Developer at Upwork (Nov 2021 to N/A)  | Full Stack Unity Developer at T Games Software and Informatics (Mar 2020 to Jan 2022)  | Unity Developer at Safrantek (May 2019 to Mar 2020)  | Software Developer at Trinoks (Nov 2017 to May 2019),"['android', 'mobile games', 'c#', 'ios', 'unity']",Computer Programming at Istanbul Aydın University (Jan 2014 to Dec 2017),Yes,8.75
Candidate 110,None,"['microsoft excel', 'english']",None,Yes,0.0
Candidate 111,Quality Assurance Engineer at Wildlife Studios (Sep 2021 to Oct 2022)  | Quality Assurance Specialist Associate at IBM Brazil (Mar 2020 to Dec 2021),"['quality assurance', 'problem solving', 'attention to detail', 'defining requirements']","Design and Games at Danki Code Academy (N/A to N/A)  |  Social Communication, Advertising and Marketing at Federal University of Acre (N/A to N/A)  | Bachelor Game Design at Anhembi Morumbi University (N/A to N/A)",Yes,2.83
Candidate 112,Manual Quality Assurance Analyst at Opensponsorship (May 2022 to Jan 2024)  | Software Quality Assurance Tester at IT Expert Systems (Jan 2021 to Feb 2022)  | Tester at Business Technology Partners (Mar 2016 to Dec 2020)  | Production Support Analyst at Bunzl Headquarters (Jun 2015 to Feb 2016),['none'],Administration at Oakton Community College (N/A to N/A)  | Csm Certified Scrum Master at ScrumAlliance.org (N/A to N/A)  | Associate of Applied Science Computer Network and Systems at ITT Technical Institute (N/A to N/A)  | Certificate Sql Oracle Database Administrator at Oakton Community College (N/A to N/A),Yes,8.17
Candidate 113,Quality Assurance Analyst at  (Apr 2023 to N/A)  | Tester at  (Mar 2019 to Apr 2023)  | Executive Office Case Specialist at Wells Fargo (Aug 2016 to Jan 2019),['none'],None,Yes,8.17
Candidate 114,Senior Quality Control at  (Nov 2018 to N/A)  | Quality Assurance Engineer at Mapcity (Jun 2018 to Nov 2018)  | Software Quality Analyst at Groupon Latam (Jul 2017 to May 2018)  | Quality Assurance Engineer at Nubox (Jun 2015 to Jul 2017)  | Quality Assurance Analyst at Consorcio Bank (Nov 2014 to Jun 2015)  | Quality Assurance Analyst at Consorcio Bank (Jul 2014 to Oct 2014)  | Quality Assurance Analyst at Aligare (Jun 2012 to Jun 2014)  | Quality Assurance Analyst at Testgroup (Jul 2011 to Jun 2012)  | End to End Testing at  (Oct 2008 to Jun 2011)  | Quality Assurance Consultant at Testgroup (Feb 2007 to Jul 2021)  | Quality Assurance Engineer at Universidad de Chile (N/A to N/A),"['quality assurance', 'javascript']",at Metropolitan University of Technology (Mar 2011 to Dec 2011)  |   at INACAP (Mar 2000 to Dec 2006),Yes,30.25
Candidate 115,Test Analyst at IBM (Nov 2021 to N/A),['none'],None,Yes,3.08
Candidate 116,Programmer at Zitro (Jan 2024 to N/A)  | Developer at Gaea Global Technology (Jun 2023 to N/A)  | Scientist at Master's Program (Nov 2022 to N/A)  | Unity Developer at VGMinds Tech Studios (May 2022 to N/A)  | Game Developer at Nukebox Studios (Aug 2017 to N/A),"['c#', 'ios', 'programming', 'unity']",at 2016Computer Science (N/A to Jul 2012),Yes,14.42
Candidate 117,Quality Analyst at OneAmerica Financial (Sep 2022 to N/A)  | Quality Assurance Analyst at HSBC Bank (Mar 2021 to Sep 2022)  | Test Analyst at HCA Healthcare (Jan 2019 to Feb 2021),['microsoft azure'],None,Yes,5.83
Candidate 118,Ios Tech Lead at Banco Modal (Oct 2019 to Dec 2022)  | Lead Mobile Developer at Maya (May 2013 to Sep 2013)  | Flash Developer and Developer at AgenciaClick Isobar (Dec 2010 to Oct 2011)  | Flash Developer at Sampa.ad (Apr 2010 to Dec 2010)  | Flash Developer at BG interativa (Mar 2010 to Apr 2010)  | Flash Developer at fri.to (Aug 2009 to Feb 2010)  | Flash Developer at Elleven Criatividade (Sep 2008 to Aug 2009),['none'],"Ios Developer, Objective C at iai? - Instituto de Artes Interativas (Jan 2011 to Jan 2011)  |  Web Designer, High School/Secondary Diplomas and Certificates at SENAC (Jan 2008 to Jan 2008)  |  Actionscript 3 Basic, High School/Secondary Diplomas and Certificates at Faculdade de Informática e Administração Paulista (Jan 2008 to Jan 2008)  |  Actionscript 3 Advanced, High School/Secondary Diplomas and Certificates at Faculdade de Informática e Administração Paulista (Jan 2008 to Jan 2009)  | Bachelor'S Portuguese, English Language and Literature at São Paulo State University (Jan 2005 to Jan 2006)",Yes,6.5
Candidate 119,Engineer at ParallelStaff (Dec 2023 to N/A)  | Engineer at Able (Jan 2022 to Dec 2023)  | Senior Software Engineer and Engineer at BairesDev (Jan 2021 to Dec 2021)  | Senior Software Engineer and Engineer at Lojas Renner S.A. (Sep 2020 to Jan 2021)  | Senior Software Engineer and Engineer at Shell (Nov 2019 to Sep 2020)  | Lead Mobile Engineer at Ponderatti Tecnologia (Aug 2015 to Nov 2019)  | System Analyst at BRASILIENSE CARGO (Sep 2013 to Dec 2014)  | Junior Software Engineer at Ci&T (May 2011 to Sep 2013)  | Junior Software Engineer at Intercamp Sistemas (Aug 2008 to May 2011),['none'],Bachelor Computer Science at Centro Universitário de Brasília (Jan 2007 to Jan 2011),Yes,15.58
Candidate 120,Senior Software Engineer at Embrace (Mar 2022 to N/A)  | Senior Software Engineer at Ring (Oct 2020 to Feb 2022)  | Senior Software Engineer at Medallia (Dec 2019 to Sep 2020)  | Software Engineer Ii at Medallia (May 2017 to Nov 2019)  | Semi Senior Software Developer at Despegar.com (Oct 2015 to Apr 2017)  | Junior Software Developer at Despegar.com (Apr 2014 to Sep 2015)  | Trainee Software Developer at Despegar.com (Jul 2013 to Mar 2014)  | Freelance Software Developer at BA Minds (Mar 2012 to Oct 2015)  | Web Developer at Gobierno de la Ciudad de Buenos Aires (Aug 2011 to Nov 2012),['none'],Information Systems Engineering at National Technological University (Jan 2013 to Dec 2021)  |  Computer Programming at Escuela Técnica Nº 35 - Ing. Eduardo Latzina (Jan 2007 to Jan 2012),Yes,15.75
Candidate 121,Lead Mobile Engineer at Clevertech (Mar 2023 to Sep 2023)  | Engineer at Clevertech (Mar 2023 to Nov 2023)  | Senior Software Engineer at FabFitFun (Feb 2023 to N/A)  | Senior Software Engineer at HOVER (Oct 2021 to Jun 2022)  | Lead Mobile Engineer at Paway (Dec 2020 to Jun 2022)  | Senior Software Engineer at FabFitFun (Feb 2019 to Feb 2020)  | Lead Mobile Engineer at Viome (Aug 2018 to Mar 2023)  | Senior Mobile Engineer at Pen Pals (Jul 2018 to Feb 2019)  | Senior Software Architect at DSC Logistics (Feb 2018 to Sep 2019)  | Senior Software Engineer at Adistec (Nov 2016 to Feb 2018)  | Senior Software Engineer at JPMorgan Chase & Co. (Mar 2015 to Nov 2016)  | Software Engineer at The Walt Disney (Jan 2014 to Mar 2015),['none'],Engineer'S Degree Computer Science at National University of La Matanza (Mar 2012 to Dec 2019)  | Master Applied Economics at Universidad Argentina de la Empresa (N/A to Mar 2021),Yes,17.0
Candidate 122,Engineer at Scotiabank Perú (Mar 2023 to N/A)  | Engineer at Indra (Aug 2022 to Feb 2023)  | Engineer at NTT DATA Europe & Latam (Nov 2020 to Aug 2022)  | Developer at ZnerG IT Consulting (Aug 2020 to Nov 2020)  | Developer at Indra (Nov 2018 to Aug 2020)  | Full Stack Developer at Corporativo Overall (Jan 2018 to Nov 2018)  | Full Stack Engineer at ALIGNET (Jan 2017 to Dec 2017)  | Full Stack Developer at Coolbox Perú (Oct 2016 to Dec 2016)  | Technical Assistant at Media Networks (Jan 2016 to Sep 2016)  | Assistant Technician at Financiera ProEmpresa (Jul 2013 to May 2016),['none'],Associate'S Degree Computer Technology at ISIL Aprende Haciendo (Mar 2009 to Jul 2011)  | High School Diploma High School/Secondary Certificate Programs at Colegio Bryce Arequipa (Mar 2003 to Dec 2005)  | Secondary Certificate  at Liceo Naval German Astete (Mar 1994 to Dec 2000),Yes,11.42
Candidate 123,Senior Frontend Engineer at Nova Friburgo (Jan 2023 to Dec 2024)  | Senior Software Engineer at  (Jan 2021 to Dec 2022)  | Senior Full Stack Engineer at RG Sistemas (Jan 2020 to Dec 2021)  | Senior Full Stack Developer at  (Jan 2019 to Dec 2020)  | Technical Lead at  (Jan 2019 to Dec 2020)  | Android Developer at  (Jan 2018 to Dec 2019)  | Senior Front End Developer at  (Jan 2018 to Dec 2020)  | Developer at CREATORSNEVERDIE (Jan 2018 to Dec 2019)  | Senior Ios at  (Jan 2017 to Dec 2019)  | Robotics Teacher at New Fribourg (Jan 2016 to Dec 2017)  | Web Development Teacher at Rio de Janeiro (Jan 2015 to Dec 2019),['none'],Technician of Information Engineering Computer Science at Federal Center for Technological Education of Rio de Janeiro (Jan 2009 to Dec 2015),Yes,26.08
Candidate 124,Software Engineer at Segmed (Nov 2021 to N/A)  | Back End Developer at BairesDev (Aug 2021 to Nov 2021)  | Back End Developer at Lumina Software (Jan 2021 to Aug 2021)  | Full Stack Engineer at Unión Mexicana del Norte (Jan 2014 to Jan 2021)  | System Analyst at IEST - RED DE UNIVERSIDADES ANÁHUAC (Oct 2012 to Dec 2013)  | Developer Junior at ObjectWave (Feb 2011 to Oct 2012),['none'],Master Finance at Universidad Anáhuac México Norte (Jan 2016 to Jan 2018)  | Bachelor Computer and Information Sciences at Instituto Tecnológico de Ciudad Madero (Jan 2007 to Jan 2012),Yes,13.75
Candidate 125,"Developer at Svitla Systems (Oct 2023 to Jun 2024)  | Developer at InnovaWard (Mar 2023 to Jun 2023)  | Senior Developer and Product Owner at 3HBC (Jun 2022 to Mar 2023)  | Developer at Everbridge (Dec 2021 to May 2022)  | Lead Ios Developer at Davila Tax Services (Mar 2020 to Dec 2021)  | Senior Mobile Developer at VeraCitrus (Aug 2019 to Mar 2020)  | Senior Mobile Developer at Helpi (Oct 2018 to Aug 2019)  | Senior Web and Developer at InnovaWard (Jan 2017 to Oct 2018)  | Senior Ios Developer at HiMommy (Feb 2016 to Jan 2017)  | Software Manager and Lead Ios Developer at Interfactura, SAPI de CV (May 2014 to Feb 2016)  | Mobile Developer at Spactum (Jan 2005 to May 2014)  | Software Developer at TECNOLÓGICO DE MONTERREY (Jan 1998 to Jan 2005)",['none'],"Profesor Formación Y Desarrollo Profesional De Profesorado, Niveles Y Métodos Específicos at Monterrey Institute of Technology and Higher Education (Jan 1998 to Jan 2004)  |  Cursos Básico, Medio Y Avanzado De Administración De Proyectos, Gestión De Proyectos at Monterrey Institute of Technology and Higher Education (Jan 1998 to Jan 2004)  |  Maestría, Administración Y Gestión De Empresas, General at Monterrey Institute of Technology and Higher Education (Jan 1998 to Jan 2001)  | Bachelor Sistemas Inteligentes at Monterrey Institute of Technology and Higher Education (Jan 1995 to Jan 1997)  |  Ingeniero, Sistemas Electrónicos at Monterrey Institute of Technology and Higher Education (Jan 1993 to Jan 1997)",Yes,26.0
Candidate 126,Software Engineer at Nubank (Mar 2022 to N/A)  | Ios Developer at PicPay (Jul 2020 to Mar 2022)  | Ios Developer at PremierSoft (Jan 2020 to Jul 2020)  | Ios Developer at Apple Developer Academy | UFPE (Jan 2018 to Jan 2020),['none'],Computer Science at Federal University of Pernambuco (Mar 2016 to Mar 2020),Yes,6.92
Candidate 127,Engineer at PicPay (Oct 2023 to Apr 2024)  | Co-Founder at Rover Labs (Feb 2021 to Jul 2022)  | Developer at Elixxir (Dec 2018 to Aug 2023)  | Developer at Supercharge (Aug 2016 to Dec 2018)  | Developer at Mesa Mobile Thinking (Aug 2015 to Feb 2016)  | Junior Developer at HOTLINK | Internet & Data Center (Dec 2014 to Apr 2015),['none'],Bachelor of Science Computer Science at Estácio (Jan 2019 to Dec 2023)  | Bachelor of Science Computer Science at Federal University of Pernambuco (N/A to Jan 2014),Yes,9.75
Candidate 128,Developer at Grupo Salinas (Aug 2018 to Aug 2020)  | Developer at Anzen Digital (Dec 2016 to Apr 2018)  | Operations Specialist at Deloitte México (Jul 2015 to Dec 2015)  | Junior Developer at Elka Soluciones México (Apr 2013 to Mar 2015),['none'],Computer Software Engineering at Universidad Tecnológica de México (Jan 2012 to Jan 2015),Yes,5.67
Candidate 129,Developer at Banco Itaú (Nov 2022 to N/A)  | Mobile Tech Lead at IBM (Sep 2021 to Oct 2022)  | Technical Lead at Mobo Cupons (Oct 2020 to Nov 2021)  | Mobile Tech Lead at Dragon Venture Capital (Sep 2019 to Aug 2020)  | Developer at CWI Software (Sep 2018 to Sep 2019)  | Xamarin Developer at Numeria Informática (Jun 2018 to Sep 2018)  | Professor at TargetTrust - Treinamento e Tecnologia (Apr 2015 to Apr 2015)  | Developer at ZAP Imóveis (Dec 2014 to Jun 2018)  | Ios Developer at Apple Developer Academy (Nov 2013 to Dec 2014),['none'],"Information Technology Project Management at Beedie School of Business (Mar 2023 to May 2024)  |  Superior Em Análise E Desenvolvimento De Sistemas, Ti at Universidade Luterana do Brasil (Jan 2011 to Jan 2013)",Yes,11.0
Candidate 130,Senior Software Engineer at  (Jan 2021 to N/A)  | Senior Software Engineer at  (Jan 2020 to N/A)  | Full Stack Developer at  (Jan 2018 to Dec 2020)  | Javascript Developer at  (Jan 2016 to Dec 2020)  | Developer at Tom Comunicação (Jan 2011 to Dec 2016)  | Fullstack Developer at Sapien Interactive (Jan 2007 to Dec 2011)  | Unibh at Formação acadêmica (Jan 2006 to Dec 2008),['none'],Information Technology at Udacity Brasil (Jan 2016 to Dec 2018)  |  Information Technology at Udemy Academy (Jan 2014 to Dec 2018)  |   at Visualizado por Sofia Garin (N/A to Aug 2024),Yes,30.42
Candidate 131,App Developer at Intetics (Nov 2019 to Jul 2023)  | App Developer at Hepsiburada (NASDAQ: HEPS) (Jan 2019 to May 2019)  | Developer at GreyLoud (Sep 2018 to Dec 2019)  | Developer at Medical Startup (Jan 2017 to Apr 2018)  | Devops( 250 Pcs. + 8 Srv Linux И Win at Schmitz Cargobull AG (Jan 2010 to Dec 2016)  | Network Technician at Xorex-Service (Jan 2003 to Jan 2004),['none'],"Ios Developer at Irina Pacino: iOS Development Course (Jan 2016 to Jan 2016)  |  Gamification at Coursera (Jan 2015 to Jan 2015)  |  Web Developer at Southern Arizona Community Academy (Jan 2012 to Jan 2013)  | Bachelor of Engineering Systems and Networks at Belarusian State University of Informatics and Radioelectronics (Jan 2005 to Jan 2007)  | Bachelor of Engineering Production at BSUIR Affiliate ""Minsk Radioengineering College"" (Jan 2001 to Jan 2005)",Yes,7.17
Candidate 132,Software Engineer and Developer at Mercado Libre (Jun 2023 to Mar 2024)  | Developer at Freelance (Oct 2022 to Jul 2023)  | Developer and Net Developer at HexaSystems (Aug 2021 to Jul 2022)  | Software Developer at Achilles Group (Jul 2020 to Jul 2021)  | Developer and Net Developer at HexaSystems (May 2019 to Jun 2020)  | Software Developer at Majorel Iberia & LatAm (Feb 2018 to Apr 2019)  | Software Development Lead at HexaSystems (Feb 2017 to Dec 2017)  | Application Developer at IBM (Jun 2016 to Sep 2016)  | Senior Software Developer at MENPET (Oct 2009 to Mar 2016)  | Senior Software Developer and Team Lead at Seijas & Seijas Investigaciones Estadisticas (Feb 2006 to May 2016)  | Analyst at PDVSA Petroleos de Venezuela S.A. (Jan 2003 to May 2004),['none'],Engineering and Information Technologies at Santiago Mariño Polytechnic University Institute (Jan 2009 to Jan 2013),Yes,24.75
Candidate 133,Associate Project Manager at ICI-T Computer Institute (Sep 2023 to N/A)  | Sap Test Lead at Krish IT Solution (Jan 2022 to Nov 2022)  | Sap Test Lead at Krishi IT Solutions (Jan 2022 to Nov 2022)  | Test Lead - Sap at ABM Knowledgeware (Aug 2021 to Aug 2022)  | Sap Test Lead at ABM Knowledgeware (Aug 2021 to Aug 2022)  | Sap Test Lead at Vodafone Shared Services (Dec 2020 to Apr 2021)  | Team Lead at Vodafone Shared Services (Dec 2020 to Apr 2021)  | Senior Test Engineer at L&T InfoTech (Jun 2017 to Jul 2020)  | Senior Test Engineer at LTI (L&T InfoTech) (Jun 2017 to Jul 2020)  | Consultant at TATA Technologies (Jul 2014 to Sep 2016)  | Consultant at TATA TECHNOLOGIES (Jul 2014 to Sep 2016)  | Senior Process Executive at Infosys (Oct 2012 to Dec 2013)  | Sap Consultant at Shalom ERP Technologies Solution (Jan 2008 to Oct 2012)  | Sap Test Consultant at Shalom ERP Technologies (Jan 2008 to Oct 2012)  | Associate Project Manager at Computer Faculty (Aug 2005 to Jul 2007)  | Faculty at ICI-T Computer Institute (Aug 2005 to Jul 2007),['quality assurance'],Bachelor of Commerce  at R.S. Mundle Dharmpeth Arts and Commerce College (N/A to Dec 2002)  | Master Management at Lokmanya Tilak College of Engineering (N/A to Dec 2005),Yes,27.5
Candidate 134,Regional Information Technology Support Manager at AGESA (Feb 2024 to N/A)  | Staff at Lösung (Sep 2021 to Mar 2023),"['software development', 'quality assurance', 'javascript']",None,Yes,2.33
Candidate 135,Test Developer Intern at SiDi (May 2023 to Dec 2023)  | Frontend Developer Intern at Stepwise (Nov 2022 to Apr 2023)  | Full Stack Developer at PET Computação - ICMC (Jan 2022 to Dec 2023),['none'],Bachelor of Computer Science  at University of São Paulo (N/A to N/A),Yes,2.92
Candidate 136,Assistant Professor at Chhattisgarh Swami Vivekanand Technical University (Oct 2017 to Jul 2018)  | Mobile Test Engineer at Xiaomi Technologies (May 2016 to Oct 2017)  | Human Resource Manager at Ballona Delivery Services (Jan 2012 to Dec 2015)  | Test Engineer at Marquis Technologies Santiago (Dec 2010 to Aug 2016)  | Assistant Professor at MM College Of Technology (Jan 2010 to Dec 2012)  | Lecturer at Institute Of Technology (Jul 2009 to Dec 2009),['quality assurance'],Master of Technology Electronics and Communication Engineering at Indian Institutes of Technology (N/A to N/A)  | Bachelor of Engineering Electronics at Chhattisgarh Swami Vivekanand Technical University (N/A to N/A)  | Post Graduate Business Administration at Symbiosis Society (N/A to N/A),Yes,15.08
Candidate 137,Proyecto at INGENIERO DE Ayni Consultora (Jan 2017 to N/A)  | Ingeniero De at Del Pino Ingenieros (Jan 2011 to Dec 2012)  | Proyecto - Responsable at ITO (Jan 2009 to Dec 2010)  | Integrante Comisión Departamento at INGENIERO CIVIL Universidad Católica del Norte (Jan 2007 to N/A),['none'],Diploma Diplomado En Inspección Técnica De Obras at 2024 Instituto Euskadi (Jan 2001 to Dec 2010)  | Educación Media at BÁSICA Antofagasta (Jan 1997 to Dec 2000)  | Educación Gerencia En Sistema Integrado De Gestión at Catholic University of the North (Jan 1988 to Dec 1996)  | Diploma  at 2024 Corporación Internacional (N/A to N/A)  | Diploma Diplomado En Gestión Cultural Comunitaria at 2024 Universidad de Chile (N/A to N/A)  | Título Ingeniero Civil at 2024 Universidad Católica del Norte (N/A to Dec 2011)  | Diploma Diplomado En Gestión De Calidad at Catholic University of the North (N/A to Dec 2011),Yes,29.67
Candidate 138,Project Lead at TECNOCOM CHILE (Jan 2017 to N/A)  | Pmo Qa at CORPORACION BANCOESTADO (Jan 2009 to Jul 2013)  | Lead Developed and Pm Area at CONSORCIO Bank (Jan 2006 to N/A)  | Cqe Engineer Analyst at Infosys Consulting T.I (Jan 1982 to N/A)  | Systems Engineer at Secundary Education (Jan 1982 to Dec 1988)  | Quality Assurance Engineer at TATA Consulting Chile (N/A to N/A)  | Quality Assurance Engineer Automation at Smart Start Technology (N/A to N/A),['none'],None,Yes,81.17
Candidate 139,Sap Quality Assurance Analyst at TestGroup (Dec 2022 to N/A)  | Sap Quality Assurance Analyst at Verity Consulting (Oct 2021 to Nov 2022)  | Sap Functional Analyst at Cintac SAIC (Oct 2020 to May 2021)  | Sap Sd Junior Consultant at Goplicity (Jan 2020 to Jun 2020)  | Process Engineer at HELP DESK (Jan 2015 to Jan 2016)  | Roles and Profiles Analyst at E D UC A TI ON (Jun 2012 to Jan 2015),"['software development', 'quality assurance', 'javascript', 'qa automation']",None,Yes,7.67
Candidate 140,Quality Assurance Analyst at 42 Labs (N/A to N/A)  | Quality Assurance Analyst at ValpoSystems (N/A to N/A)  | Quality Assurance Analyst at Funtional Test (N/A to N/A),['qa automation'],Software Engineer at Duoc UC (Jan 2017 to Dec 2020),Yes,0.0
Candidate 141,Senior Quality Assurance Engineer at DigitalOcean (Mar 2023 to N/A)  | Lead Quality Assurance Engineer at Spekit (Aug 2018 to Feb 2023)  | Tester at Scale.AI (Apr 2017 to Aug 2018),['quality assurance'],Bachelor of Science Computer Engineering at Sir Syed University of Engineering and Technology (N/A to N/A),Yes,7.58
Candidate 142,Qa Lead at STARR Companies (Mar 2024 to N/A)  | Quality Assurance Engineer at Prey (Aug 2023 to Feb 2024)  | Ingeniero Qa at Cencosud (Sep 2020 to Dec 2020)  | Ingeniero Qa at Banco Estado (Mar 2020 to Sep 2020)  | Líder Qa at Sermaluc (Mar 2019 to Dec 2019)  | Qa Automatizador at Banco Santander (Jun 2018 to Mar 2019)  | Analista Desarrollador Bi at Rayen Salud (Jun 2015 to Jun 2018)  | Técnico Informático at Comercial Box Technology (May 2013 to May 2015)  | Qa Automatizador Sr at Proyecto Zúrich Santander (May 2011 to Mar 2013)  | Qa Automation Sr at Kibernum (N/A to N/A),"['problem solving', 'javascript']",Ingeniero En Ejecución Informática  at Instituto Profesional AIEP (Jan 2011 to Dec 2016),Yes,10.33
Candidate 143,Qa Lead at Apply Digital (Sep 2022 to N/A)  | Quality Assurance Engineer Automation at Reign (Dec 2019 to Oct 2022)  | Quality Assurance Engineer Automation at Unimarc SMU E-commerce Chile (Jun 2018 to Dec 2019)  | Test Engineer at Metlife Continuous Interaction (Sep 2017 to Jun 2018)  | Test Engineer at Consorcio App (Jan 2017 to Sep 2017)  | Engineer at University of Valparaíso Software (Dec 2015 to Dec 2016)  | Quality Assurance Analyst at Upcom (Nov 2014 to Nov 2015)  | Quality Assurance Analyst at BugFinders (Jan 2014 to Nov 2014),['none'],None,Yes,10.83
Candidate 144,Marketing at RHYTHM / Digital Marketing Agency (Apr 2024 to N/A)  | Conversion Rate Optimization Specialist at INOVA USA / E-commerce brand incubator (Oct 2023 to Jul 2024)  | Marketing Automation Manager at doto.com.mx (N/A to N/A)  | Marketing and Customer Relationship Manager Specialist at ECOMSUR (N/A to N/A),"['digital marketing', 'email marketing', 'marketing automation', 'marketing campaigns']",at Escuela Bancaria y Comercial (Jan 2022 to Jan 2023)  | Bachelor Communication at Entertainment Business Management (Jan 2018 to Dec 2022),Yes,1.42
Candidate 145,Coordinador De Proyectos at SEnTRA Services & Technology (Feb 2017 to Dec 2022)  | Analista Funcional Qa at SEnTRA Services & Technology (Mar 2010 to Sep 2012)  | Analista Qa at SEnTRA Services & Technology (Jul 2009 to Feb 2010)  | Analista Qa at SEnTRA Services & Technology (Mar 2009 to May 2009)  | Analista Funcional Qa at SEnTRA Services & Technology (Jul 2008 to Feb 2009)  | Analista Funcional Qa at SEnTRA Services & Technology (Apr 2008 to Jul 2008),['quality assurance'],Istqb Tester - Foundation Level at University of Chile (Apr 2016 to Jun 2016)  | Certificado N° Ingeniería En Informática at Temuco Catholic University (Mar 2000 to Dec 2006)  | Certificado N° Automatización De Pruebas De Software at ISQI (N/A to Aug 2018)  | Istqb Scrum Master at Foundation Level Extension (N/A to Nov 2018),Yes,9.92
Candidate 146,Quality Assurance Analyst at Telecom Personal S.A (Jul 2023 to N/A)  | Tester at Banco Galicia (Jun 2021 to Jul 2023),"['quality assurance', 'problem solving']",Bachelor Administration and Economics at Westminster School (Connecticut) (N/A to N/A),Yes,3.5
Candidate 147,Associate Quality Assurance Engineer at Moody's ESG Solutions (Jan 2020 to Dec 2022),"['software development', 'quality assurance', 'problem solving', 'attention to detail']",Ingeniera Civil Informática at Pontifical Catholic University of Valparaíso (Jan 2013 to Dec 2019),Yes,2.92
Candidate 148,Lead Generation Specialist at Agencia de Marketing para Doctores (Jan 2023 to Jun 2023)  | E X P E R I E N C I a P R O F E S I O N a L at  (N/A to N/A),['none'],Institución Educativa Distrital at Colombia Adventist University (N/A to N/A),Yes,0.42
Candidate 149,Qa Lead at VZOR (Jan 2024 to May 2024)  | Qa Lead at LEMU (Oct 2022 to Dec 2023)  | Qa Lead at Tecnova (Jun 2022 to Oct 2022)  | Qa Lead at Tricot S.A (Jan 2019 to Feb 2022)  | Quality Assurance Analyst at Tutorial (Jan 2017 to Dec 2018)  | Quality Assurance Analyst at Rhiscom S.A (Jan 2016 to N/A),"['quality assurance', 'problem solving', 'attention to detail', 'organization skills', 'qa automation']",Degree Computer Science and Engineering at Scrum Master (Jan 2014 to Dec 2019)  |  Advanced Programming at University of Santo Tomas Institute of Information and Computing Sciences (N/A to Dec 2019),Yes,15.75
Candidate 150,Quality Assurance Engineer at Trebol (Apr 2023 to Aug 2023)  | Qa Automation at TCS Chile CL (Aug 2022 to Apr 2023)  | Quality Assurance Engineer at TSOFT Chile S.A. CL (May 2022 to Aug 2022)  | Quality Assurance Analyst at Claro Chile S.A. CL (Aug 2019 to May 2022)  | Quality Assurance Analyst at Practia Consulting (May 2017 to Aug 2019),['javascript'],"Computer Engineer at University of Santiago, Chile (Jan 2018 to Dec 2021)  | Certificate Scrum Foundation Professional at CLVSNQVNYY-SSZZQKZV-XHRHTSXCYP (N/A to Dec 2020)",Yes,6.25
Candidate 151,Tsoft Spa / Analista Qa Sr at Banco Consorcio (Mar 2022 to N/A)  | Tata Consultancy at Banco BCI (Jul 2020 to Mar 2022),['none'],Quality Assurement Qa / Diplomado at CIISA (N/A to N/A)  | Ingeniero Informática at Universidad INACAP (N/A to N/A),Yes,4.42
Candidate 152,Senior Software Development Engineer at Evernote (Nov 2022 to N/A)  | Senior Quality Assurance Engineer at A s s u r a n c e S p e c i a l i s t (Aug 2019 to Nov 2022)  | Senior Quality Assurance Engineer at Escuela de Postgrado UPC (Jan 2012 to N/A),"['software development', 'quality assurance']",Bachelor Project Management at Universidad Peruana de Ciencias (N/A to N/A),Yes,18.25
Candidate 153,Business Development Executive at Cabify (Jan 2024 to Jun 2024)  | Business Development Specialist at Nexla (Oct 2023 to Jan 2024)  | Sales Development Representative at Sellerate ™ (Oct 2023 to Jun 2024)  | Data Enrichment Specialist at Sellerate ™ (Sep 2023 to Oct 2023)  | Data Operations at TRM Labs (Jun 2022 to Oct 2023)  | Data Operations at Sellerate ™ (Jun 2022 to Aug 2023)  | Customer Business Specialist at Delgado’s Confectionery (Dec 2019 to May 2022)  | Business Specialist at bazar (Jul 2019 to Nov 2019),['none'],Design at Ada ITW (Apr 2023 to Jul 2023)  | Bachelor Diseño Y Comunicación Visual at University of Palermo (Aug 2021 to Aug 2025),Yes,6.67
Candidate 154,Growth Specialist at Beehive AI (Jan 2024 to N/A)  | Sales Development Representative at SDRmax (Dec 2023 to Jan 2024)  | Customer Success Representative at APS Resources International (Apr 2023 to Dec 2023)  | Sales Development Representative at Dreams Intercâmbios (Jul 2022 to Apr 2023)  | Vendedora at FARM Rio (Dec 2020 to Feb 2022),['none'],None,Yes,3.58
Candidate 155,Business Development Executive at Kenility (May 2024 to N/A)  | Sales Development Representative at Solvo Global (May 2023 to May 2024)  | Telefonista at Nona Bettina (Oct 2021 to Feb 2022)  | Operario at Cerramientos y estructuras (Nov 2019 to Aug 2020)  | Call Center at medical salud (Mar 2019 to May 2019)  | Encargado De Depósito at Distribuidora bicentenario (Nov 2017 to Sep 2018),['none'],Medicine and Sales at National University of Córdoba (Apr 2017 to Apr 2019)  | Bachelor'S Ciencias Naturales at José Manuel estrada (N/A to N/A),Yes,3.67
Candidate 156,Sales Development Representative Latam at Check Point Software Technologies (Jul 2023 to N/A)  | Sustainability Advisor at Tennders (Jan 2023 to Jun 2023)  | Insurance Sales Agent at Jiro y Asociados Agente de Seguros y Fianzas (Jun 2019 to Jul 2023),['none'],Master Business and Innovation at EADA Business School (Oct 2022 to Jun 2023)  | Bachelor International Business at Monterrey Institute of Technology and Higher Education (Aug 2019 to Dec 2023),Yes,5.92
Candidate 157,Tester at Proyecto Personal (Jan 2024 to N/A),"['quality assurance', 'microsoft powerpoint']","Tester Manual, Qa Manual at QA Positives (Jan 2024 to Jan 2024)  |  Estudiante, Ingeniería Informática at Central University of Venezuela (Sep 2016 to May 2018)",Yes,0.92
Candidate 158,Quality Assurance Engineer at Santiago de Chile (Apr 2022 to N/A)  | Quality Assurance Engineer at Automatizador (Apr 2019 to Apr 2022)  | Quality Assurance Engineer at Santiago de Chile (Jun 2018 to Mar 2019)  | Quality Assurance Engineer at Santiago de Chile (Aug 2016 to Apr 2018)  | Support Engineer at Santiago de chile (Apr 2013 to Apr 2016)  | Programmer Analyst at CertiProf (N/A to N/A)  | Quality Assurance Engineer at QA-Nova (N/A to N/A),['javascript'],Master Profesional at Santiago de Chile (May 2021 to Jul 2021)  |  Informatics at Universidad Tecnológica de Chile INACAP (Mar 2011 to Dec 2013)  |   at Santiago de Chile (Mar 2007 to Dec 2009),Yes,11.08
Candidate 159,Quality Assurance Analyst at TCIT (Feb 2023 to Jan 2024)  | Quality Assurance Analyst at ACL (Sep 2022 to Feb 2023)  | Ingeniería En Informática at DUOC UC (Jan 2018 to Dec 2022),['none'],None,Yes,6.25
Candidate 160,Inside Sales Representative at iFood (Nov 2020 to Mar 2022)  | Gestor De Ventas Y Servicios at Velbet Agencia de Seguros (Aug 2017 to Feb 2019)  | Ejecutivo De Ventas Y Servicios at Banco de Bogotá (Mar 2016 to Apr 2017)  | Ejecutivo De Ventas Y Servicios at Banco de Bogotá (Jan 2015 to Mar 2016)  | Ejecutivo De Ventas Y Servicios at Banco de Bogotá (Dec 2013 to Dec 2014),"['business-to-business (b2b)', 'sales processes']","Curso Intensivo De Tele Ventas Y Cobranzas at Colegio Los Nogales (Aug 2020 to Sep 2020)  |  Curso Intensivo De Neuro Ventas at Corporacion Educativa del Prado (Apr 2020 to May 2020)  |  Técnico En Asesoría Comercial Y Operaciones En Entidades Financieras, Técnico En Asesoría Comercial Y Operaciones En Entidades Financieras at Servicio Nacional de Aprendizaje (SENA) (Mar 2013 to Nov 2013)  |  Profesional En Administración De Negocios Y Finanzas Internacionales., Profesional En Administración De Negocios Y Finanzas Internacionales at Remington College (Jan 2012 to Dec 2016)  | Bachillerato  at Lasallian educational institutions (Jan 2004 to Dec 2009)",Yes,6.08
Candidate 161,Tester at Smartraining (May 2023 to Apr 2024)  | Developer at Incubadora de Desafio Latam (Sep 2022 to Dec 2023)  | Tester at Kimche (Jun 2022 to May 2023)  | Tester at Lionbridge Technologies (May 2015 to Mar 2022),"['javascript', 'react.js']","Master Full Stack Developer at Fullstack Academy (Dec 2021 to Apr 2022)  | Master Education at Andrés Bello National University (Mar 2019 to Mar 2021)  |  Design at Andrés Bello National University (Mar 2016 to Dec 2016)  |  English and Portuguese at University of Santiago, Chile (Mar 2009 to Dec 2013)",Yes,9.92
Candidate 162,Analista Qa at METODOLOGÍA ÁGIL (Feb 2022 to Jan 2024)  | Banco Internacional at  (Sep 2014 to Aug 2019)  | Analista Qa at  (Feb 2013 to Sep 2014)  | Analista Qa at RED GLOBAL (Jul 2012 to Oct 2012),['quality assurance'],Diploma En Gestion Agil De Proyectos at Intituto Profesional Aiep (N/A to Dec 2012),Yes,8.67
Candidate 163,Account Manager at The Knot Worldwide (Jun 2023 to Jun 2024)  | Consultora Comercial at BAG (Feb 2022 to Dec 2022)  | Ejecutiva De Cuentas Corporativas at MPS MAYORISTA DE COLOMBIA (Sep 2018 to Mar 2019),['none'],Bachiller Académico Social at Colegio Maria Auxiliadora de Chía (N/A to Dec 2008),No,2.33
Candidate 164,Sales Executive at The Call Gurus (Feb 2024 to N/A)  | Business Development Associate at Allied Logistics Partners (Sep 2023 to Apr 2024)  | Business Development Representative at Allied Logistics Partners (Mar 2021 to Sep 2023),['none'],Industrial Engineering and Engineering at Islamic University of Indonesia (Jul 2024 to Jul 2027)  | High School Diploma Business Administration and Management at Universidad Autónoma de la Ciudad de México (Jan 2016 to Dec 2019),Yes,3.92
Candidate 165,Bdr at CloudKitchens (Oct 2021 to Oct 2023)  | Bdr at Lamudi México (Feb 2021 to Feb 2022)  | Bdr at DoctoraliaMX (Aug 2018 to Jul 2020)  | Product Expert Kielh at L'Oréal (Apr 2017 to Nov 2017),['none'],"Ciclo Formativo De Grado Superior, Ciencia De Datos at DEV.F (Jan 2023 to Aug 2024)  | Diploma Matemáticas Y Estadística at Universidad Autónoma Metropolitana (Jan 2018 to Jan 2019)  |  Biología, Biología Molecular at Universidad Autónoma Metropolitana (Jan 2018 to Jan 2022)",Yes,5.5
Candidate 166,Senior Lead at WeWork LATAM (May 2024 to N/A)  | Sales Development Senior Associate at WeWork LATAM (Oct 2022 to May 2024)  | Customer Care Coordinator at EF Education First (Apr 2021 to Mar 2022)  | Front Desk Receptionist at Central Hoteles (Mar 2020 to Jun 2020)  | Human Resources Trainee at Rosewood Mayakoba (Jul 2018 to Jan 2019)  | Front Desk Associate at Regus (Jun 2016 to Nov 2016),['none'],"Administracion Internacional De Empresas De La Hospitalidad, Administración/ Gestión Hotelera at Universidad del Valle de México (Jan 2015 to Jan 2019)",Yes,4.25
Candidate 167,Lead Generation Analyst at Listopro (Dec 2022 to N/A)  | Sales Development Representative at Linked Ai (Jun 2022 to Jun 2023)  | Customer Pathfinder at La Haus (Aug 2021 to May 2022),['none'],"Administracion De Empresas, Administracion De Empresas at Saint Thomas Aquinas University (Jan 2020 to Jan 2024)  |  Business at Makers Fellowship (N/A to Jan 2023)",Yes,3.75
Candidate 168,"Appointment Setter at American Income Life Insurance (Mar 2024 to N/A)  | Lead Generation Specialist at Premier Mortgage Consultants Of SWFL, Inc NMLS:388211 (Oct 2023 to Jun 2024)  | Virtual Assistant at Metamax (May 2023 to Oct 2023)  | Call Center Representative at Access Salud, C.A. (May 2022 to May 2023)",['none'],Tsu Radiocomunicaciones Aeronáuticas at Inter-University Centre for Astronomy and Astrophysics (Mar 2018 to Aug 2021),Yes,2.83
Candidate 169,Head of International Business at Snap It Go (Apr 2023 to Apr 2024)  | Demand Generation Specialist at Slashdot Media (Oct 2022 to Apr 2023)  | Marketing Manager at HalloSophia (Jun 2021 to Sep 2022)  | Interpreter at LanguageLine Solutions (Dec 2019 to May 2021),['none'],Negocios Internacionales/Comercio Internacional at Universidad Anáhuac México Norte (Jan 2017 to Jan 2021),Yes,4.17
Candidate 170,Hunter at Rappi (Mar 2022 to May 2022)  | Hunter at Rappi (Mar 2022 to Mar 2024)  | Asesor Automotriz at Renault (Feb 2021 to Feb 2022)  | Supervisor De Operaciones at Walmart de México y Centroamérica (Mar 2020 to Jan 2021)  | Key Account Manager at Piña Colada Agency (Mar 2017 to Jan 2019),['none'],Licenciatura Marketing at Universidad de Guanajuato (Apr 2021 to Sep 2024),Yes,5.83
Candidate 171,Senior Email Marketing Specialist at The Global Assist (Mar 2023 to N/A)  | Campaign Specialist at Wunderman Thompson (Sep 2022 to Feb 2023)  | Deployment Specialist at Cheetah Digital (Oct 2019 to Oct 2021)  | Customer Service Representative at Dialog Direct (May 2019 to Aug 2019)  | Customer Service Representative at Teleperformance (Jul 2017 to Apr 2018),['audience segmentation'],None,Yes,5.17
Candidate 172,Virtual Assistant at Jaad Logistics (Mar 2019 to N/A)  | Administrative Assistant at Chris Abugo & Co (Aug 2018 to Jul 2019)  | Administrative Assistant at Nwokolo & C (Feb 2017 to Jun 2017),['none'],Higher National Diploma  at ETH Zurich (Jul 2019 to May 2022)  | Bachelor Office Technology and Management at ETH Zurich (Jul 2016 to Aug 2018),Yes,7.0
Candidate 173,Sales Development Representative at - SMELTER.AI (Jan 2023 to Apr 2024)  | Sales Development Representative at CALLBOX (Jan 2023 to N/A)  | Receptionist at IBIS STYLES BOTAFOGO HOTEL (Jan 2022 to May 2022)  | Realtor at RELIANCE FUND (Jan 2022 to Oct 2022)  | Bilingual Consultant at HURB TRAVEL (Jan 2020 to Nov 2021)  | Receptionist at MERCURE ARPOADOR HOTEL (Jan 2020 to Apr 2020)  | Receptionist at ROYALTY COPACABANA HOTEL (Jun 2018 to Oct 2019)  | Receptionist at  (May 2017 to Apr 2018)  | Chief at Bellboy and Bellboy (Apr 2016 to May 2017),"['sales', 'english', 'oral communication', 'interpersonal skills', 'lead qualification', 'business-to-business (b2b)', 'sales processes']",None,No,9.67
Candidate 174,Senior Product Designer at Africa Prudential (Feb 2023 to Apr 2024)  | Senior Product Designer at Interswitch Group (Aug 2019 to Jan 2023)  | Product Designer at Guaranty Trust Bank (Apr 2015 to Jul 2019)  | Ui Designer at INITS (Mar 2015 to Nov 2018),['none'],Bachelor Time at University of Lagos (Aug 2001 to Apr 2008),Yes,12.5
Candidate 175,Senior Product at Nerdwallet (Nov 2020 to N/A)  | Senior Product Designer at Rightpoint (Apr 2019 to Jun 2020)  | Senior Product Designer at GTB (Jun 2018 to Apr 2019)  | Senior Product Designer at Perficient Digital Ann (Mar 2014 to Mar 2018)  | Senior Product Designer at Digitas (Dec 2012 to Mar 2014),['none'],Graphic Design at College for Creative Studies (Aug 1997 to Aug 1999),Yes,11.33
Candidate 176,Marketing Manager at  (Jan 2023 to N/A)  | Marketing Manager at Boyacá Pawnshop (Oct 2019 to Jul 2022)  | Customer Service Training at E. Jiménez y Asociados (May 2019 to May 2019)  | Digital Marketing Manager at Crypto Fund (Jan 2019 to Dec 2021)  | Sales Junior at Acerías de Colombia / Acesco (Feb 2018 to Sep 2018)  | Junior Assistant at Marketing Genius Gym S ocial s kills (Jan 2017 to Jul 2017)  | Event Promoter at Corona (Jan 2017 to Jan 2018)  | Content Lead at Compraventa Boyaca (May 2016 to N/A),['microsoft powerpoint'],E-Commerce  at Singularity University (Jul 2020 to Nov 2020),Yes,18.25
Candidate 177,Business Development Manager at Experis México (Jun 2023 to N/A)  | Business Solutions Manager at Bedu (Mar 2022 to Jun 2023)  | Inside Sales Coordinator at Bedu (Dec 2021 to Feb 2022)  | Senior Sales Executive at Bedu (Jan 2020 to Nov 2021)  | Coordinator Sales at AMED (Jan 2016 to Dec 2019),['none'],Licenciatura Psicología Industrial at Universidad Mexiquense del Bicentenario (Jan 2011 to Jan 2016),Yes,8.67
Candidate 178,Business Development Specialist at Lean Solutions Group (Jun 2024 to N/A)  | Lead Generation Specialist at Teleperformance (Nov 2022 to Jun 2024)  | Land Acquisition Manager at Ayala construcciones (Feb 2016 to Sep 2022),['none'],"Certificate Management at University of Palermo (Buenos Aires) (Jan 2019 to Jun 2019)  | Certificate Leadership and Development at University of Palermo (Buenos Aires) (Jan 2018 to Jun 2018)  | High School Diploma  at Politecnico Mayor Andino (N/A to Dec 2015)  |  Studying, Full Stack Web Developer at soyhenry (N/A to Mar 2023)",Yes,8.67
Candidate 179,Business Development Representative at BlueGrace Logistics (Aug 2024 to N/A)  | Sales Development Representative at RocketLevel (Feb 2024 to N/A)  | Account Executive at Rapido Solutions Group (May 2023 to Feb 2024)  | Senior Sales Development Representative at Paystand (Dec 2022 to May 2023)  | Sales Development Representative at Paystand (Jun 2021 to Dec 2022)  | Lead Generation Executive at Inventive SMi (Jan 2021 to Jun 2021),['none'],None,Yes,4.25
Candidate 180,Business Development Specialist at Embrace (Jun 2022 to Jun 2024)  | Owner at Thomson Reuters (Jun 2019 to Jun 2022)  | Sourcing Associate and Business at United Foods (Dec 2017 to Jul 2019)  | Manager at Proyecciones Bello Huerta C.A (Jan 2009 to May 2017),['none'],Bachelor of Business Administration Business Administration and Management at Universidad Rafael Belloso Chacín (Jan 2010 to Jan 2015),Yes,14.92
Candidate 181,Lead Generation Manager at GREENAPSIS (Mar 2024 to N/A)  | Analista De Prospectacion Digital at Sigma Foodservice (Oct 2022 to N/A)  | Coordinador De Operaciones at Impulso patrimonial (Mar 2021 to Dec 2021)  | Lider Comercial Y De Experiencia at THINK Workspace (Mar 2020 to Dec 2022),['none'],"Ingeniería Industrial Administrador, Ingeniero Industrial Administrador at Universidad Autónoma de Nuevo León (Aug 2017 to Jun 2022)",Yes,6.42
Candidate 182,Internet Marketing Consultant Social Engine Marketing at Rise Interactive (Jun 2023 to May 2024)  | Service Bdc Lead Management Specialist at Nissan Motor (Nov 2022 to May 2023)  | Customer Relationship Manager Support Assistant at ELOGIA (Viko Group) (Nov 2021 to Nov 2022)  | Senior Campaign Manager at Prospect.One (Oct 2020 to Nov 2021)  | Marketing at Alcatel mobile (Sep 2019 to Sep 2020),['none'],"Licenciatura, Mercadotecnia at University of La Rioja (Jan 2020 to Jan 2022)",Yes,3.5
Candidate 183,Sales Development Representative at Bioelements Group (May 2024 to N/A)  | Sales Development Representative at Jiffy Software (Sep 2023 to May 2024)  | Sales Manager at Inceptio (Sep 2021 to Sep 2023)  | Marketing at Costco México (Feb 2018 to Feb 2020),['none'],"Marketing at UNIR México (Oct 2022 to Sep 2024)  |  Negocios Internacionales, Negocios Internacionales/Comercio Internacional at Universidad La Salle (Jan 2016 to Jan 2020)  | Certification Business Analytics at University of Miami (N/A to Apr 2024)",Yes,5.25
Candidate 184,Director of Design at  (Nov 2021 to N/A)  | Manager at Contour Airlines (Nov 2016 to Sep 2021),['none'],Bachelor of Business Administration Entrepreneurship at Belmont University (Aug 2011 to May 2016),Yes,7.92
Candidate 185,Today Full Stack Developer at Local Labs (Dec 2021 to N/A)  | Fullstack Developer at IRIS DIGITAL WEALTH (Oct 2020 to N/A)  | Internet Technology and Systems at SHOULDA MATCHERS (Jan 2020 to N/A)  | Backend Ruby on Rails at FRACTAL (Oct 2019 to N/A),['none'],None,Yes,17.25
Candidate 186,"Backend Ruby on Rails at Impulso (Nov 2020 to N/A)  | Fullstack Developer at Iris Digital Wealth (Nov 2019 to Oct 2020)  | Back-End Ruby on Rails at Fractal Tecnologia (Aug 2018 to Oct 2019)  | Web Developer and Writer at Mestre Sem Player (May 2017 to Sep 2017)  | Game Developer at Tempo Livre Games (Apr 2017 to Oct 2017)  | Web Developer and Intern at Instituto Federal De Educação, Ciência E Tecnologia Da Paraiba (Aug 2016 to Jul 2018)","['shell', 'hack', 'ruby', 'python', 'c#', 'php', 'html', 'javascript', 'java']",at Federal University of Paraíba (Jan 2014 to Jan 2018),No,8.92
Candidate 187,Representative at Pluria (Jan 2024 to N/A)  | Customer Success Executive Middle Market Enterprise at HSBC (Feb 2023 to Jan 2024)  | Lead Generation Mexico at Slang (Apr 2021 to Apr 2022),['none'],"Economía Industrial, Finanzas, General at School of Architecture, UNAM (Jan 2017 to Jan 2021)",Yes,2.83
Candidate 188,Sales Executive at Slang (Jan 2024 to May 2024)  | Business Development Representative Ii at Slang (Jan 2023 to Jan 2024)  | Lead Generation Analyst Iii at Slang (Apr 2022 to Jan 2023)  | Lead Generation Analyst Ii at Slang (Aug 2021 to Apr 2022)  | Lead Generation Analyst at Slang (Jan 2021 to Aug 2021)  | Associate Project Manager at Sermo (Aug 2020 to Oct 2020)  | Internship Trainee at Holiday Systems International (Jul 2019 to Mar 2020)  | Analista De Investigación De Neuromarketing at Granjas Ryc (Feb 2018 to May 2018),['none'],Bachelor'S Marketing at Monterrey Institute of Technology and Higher Education (Jan 2014 to Jan 2018)  | Diploma Relaciones Públicas at Complutense University of Madrid (N/A to N/A),Yes,4.42
Candidate 189,Sales Development Representative at Wise Athena (Sep 2022 to N/A)  | Executive at Aira (Jan 2021 to Aug 2022)  | Sales Marketing Assistant at Datateam (Aug 2018 to Feb 2020)  | Asistente De Dirección at Museo Franz Mayer (Aug 2016 to Jun 2017),['none'],Social Media and Multimedia at Faculty of Arts and Design (Jan 2017 to Jan 2017)  | Licenciatura Comunicación at National Autonomous University of Mexico (Jan 2013 to Jan 2017),Yes,6.17
Candidate 190,Lead Generation Specialist at PowDevs (Oct 2021 to N/A)  | Sales Representative at Teleperformance (Jun 2020 to Jun 2021),['none'],Licenciatura Economía at National Autonomous University of Mexico (Aug 2018 to Jun 2022),Yes,4.17
Candidate 191,Account Manager at Blue People (Jan 2022 to N/A)  | Inside Sales at Blue People (Feb 2021 to Jan 2022),['none'],"Certified Cloud Practitioner at Udemy for Business (Jan 2021 to Jan 2021)  |  Lic. Administración De Empresas, Ventas at TecMilenio University (N/A to N/A)",Yes,3.83
Candidate 192,Lead Generation Specialist at Pulsar (Jan 2024 to N/A)  | Jefe Regional at BEXA (Jun 2023 to Dec 2023)  | Sales Development Representative at Clivi Health (Dec 2021 to Jun 2023)  | Lead Generation Specialist at Exitus Capital (Jun 2020 to Dec 2021)  | Sales Development Representative at Moons (Jan 2019 to Jun 2020)  | Ejecutivo De Cuenta at Citibanamex (Jun 2017 to Jan 2019),['none'],"Maestría, Finanzas at Universidad Latinoamericana (Sep 2023 to Jan 2025)  | Licenciatura Negocios Internacionales at Universidad Latinoamericana (Jan 2014 to Jan 2019)",Yes,7.42
Candidate 193,Key Account Marketing Manager at  (Aug 2024 to N/A)  | Key Account Manager at Cisco Systems (Jan 2019 to Dec 2023)  | Marketing at AIESEC (Jan 2018 to Mar 2018)  | Technical Support and Customer Service Representative at Uber (Jan 2018 to Dec 2019),"['microsoft excel', 'english', 'communication', 'lead generation', 'customer relationship management (crm)', 'lead qualification', 'linkedin sales navigator', 'business-to-business (b2b)']",Bachelor Marketing and Advertising at Universidad Politécnico Grancolombiano (N/A to Dec 2019),Yes,7.33
Candidate 194,Creator and Digital Marketer at Freelancer (Apr 2024 to N/A)  | Account Executive at Panna Ventures (N/A to N/A)  | Research Analyst at EVAH (N/A to N/A)  | Research Associate at CHU de (N/A to N/A)  | Senior Analyst at Guard RX (N/A to N/A),['none'],Bachelor'S Microbiology and Immunology at Université de Montréal (N/A to Jan 2018),Yes,0.67
Candidate 195,Unity Xr Software Architect at EffectiveSoft (Aug 2023 to N/A)  | Developer at Merlyn Labs (Sep 2022 to Apr 2023)  | Lead Unity Developer at SAVR (Jul 2021 to Oct 2021)  | Lead Unity Developer at Kreitech Software (Jul 2021 to Nov 2022)  | Senior Unity Developer at Zealot (Dec 2020 to Jul 2021)  | Senior Unity Developer at Shaman Development Studio (Jun 2019 to N/A)  | Unity Developer at TreeView Studios (May 2019 to N/A)  | Unity Developer at Koins (Aug 2016 to Nov 2017)  | Unity Developer at KidBox (Jan 2015 to N/A),"['android', 'mobile games', 'c#', 'programming', 'unity', 'javascript', 'object-oriented programming (oop)', 'react.js']",Development at Video Game Developer (N/A to Jan 2017),Yes,26.33
Candidate 196,Appointment Setter at Sublime Marketing (Mar 2023 to N/A)  | Server at Don Juan’s Mexican kitchen (Apr 2016 to Mar 2020)  | Costumer Service at WILDFIN NORTHWEST (N/A to N/A),['none'],None,Yes,5.67
Candidate 197,Sales Development Representative at Cargobot (N/A to N/A),['none'],None,Yes,0.0
Candidate 198,Appointment Setter at Highthrive Digital (May 2023 to N/A)  | Sales Development Representative at Vensure Employer Services (May 2022 to Jul 2023),['none'],at National University of Córdoba (N/A to N/A),Yes,2.75
Candidate 199,at Grupo120 (N/A to N/A),['none'],None,Yes,0.0
